Country,total_revenue,order_count,customer_count,items_sold,revenue_share_pct,aov
United Kingdom,7308391.5540000005,16646,3920,4256740,82.01163758556642,439.04791265168814
Netherlands,285446.34,94,9,200361,3.2031564829601593,3036.663191489362
EIRE,265545.9,260,3,140275,2.9798422747634117,1021.3303846153847
Germany,228867.14,457,94,119261,2.5682489508450184,500.8033698030635
France,209024.05,389,87,111471,2.3455782997676144,537.3368894601542
Australia,138521.31,57,9,83901,1.5544267695099327,2430.1984210526316
Spain,61577.11,90,30,27940,0.6909919359920706,684.1901111111112
Switzerland,56443.95,51,21,30082,0.6333898145843421,1106.7441176470588
Belgium,41196.34,98,25,23237,0.46228767040849394,420.3708163265306
Sweden,38378.33,36,8,36083,0.4306651700094819,1066.0647222222224
Japan,37416.369999999995,19,8,26016,0.4198704671930143,1969.282631578947
Norway,36165.44,36,10,19336,0.4058330668913347,1004.5955555555556
Portugal,33439.89,57,19,16122,0.3752481129832479,586.6647368421053
Finland,22546.08,41,12,10704,0.25300244633488167,549.9043902439025
Singapore,21279.29,7,1,5241,0.2387870719109213,3039.8985714285714
Channel Islands,20450.44,26,9,9491,0.22948607246247316,786.5553846153846
Denmark,18955.34,18,9,8235,0.21270870107395323,1053.0744444444445
Italy,17483.24,38,14,8112,0.19618942582745455,460.08526315789476
Cyprus,13590.38,16,8,6361,0.15250541941750623,849.39875
Austria,10198.68,17,11,4881,0.11444521572648687,599.9223529411765
Poland,7334.65,19,6,3684,0.08230629861200438,386.03421052631575
Israel,7221.69,5,3,4046,0.08103870990753831,1444.338
Greece,4760.52,5,4,1557,0.05342051504412877,952.104
Iceland,4310.0,7,1,2458,0.04836497270050226,615.7142857142857
Canada,3666.38,6,4,2763,0.041142544921036535,611.0633333333334
USA,3580.39,5,4,2458,0.04017760199701886,716.078
Malta,2725.59,5,2,970,0.030585402770942446,545.118
Unspecified,2667.07,8,4,1789,0.029928716413069274,333.38375
United Arab Emirates,1902.28,3,2,982,0.021346570828007293,634.0933333333334
Lebanon,1693.88,1,1,386,0.019007995349867,1693.88
Lithuania,1661.06,4,1,652,0.018639703376774078,415.265
European Community,1300.25,4,1,499,0.014590848202744328,325.0625
Brazil,1143.6,1,1,356,0.01283298904415183,1143.6
RSA,1002.3100000000001,1,1,351,0.01124749322214395,1002.3100000000001
Czech Republic,826.74,2,1,671,0.009277321932810495,413.37
Bahrain,548.4,2,2,260,0.0061539097514977815,274.2
Saudi Arabia,145.92,1,1,80,0.0016374516975538953,145.92
