YearMonth_str,monthly_gmv,invoice_count,active_customers,annualized_run_rate,distortion_vs_actual_pct
2010-12,572713.89,1400,885,6872566.68,-22.879002352533316
2011-01,569445.04,987,741,6833340.48,-23.319181956279113
2011-02,447137.35,997,758,5365648.199999999,-39.788995658120875
2011-03,595500.76,1321,974,7146009.12,-19.810548490408316
2011-04,469200.361,1149,856,5630404.3319999995,-36.81801582135276
2011-05,678594.56,1555,1056,8143134.720000001,-8.621232382990227
2011-06,661213.6900000001,1393,991,7934564.280000001,-10.961720465758606
2011-07,600091.011,1331,949,7201092.132000001,-19.192430538751356
2011-08,645343.9,1280,935,7744126.800000001,-13.098728243334584
2011-09,952838.382,1755,1266,11434060.583999999,28.308127146415046
2011-10,1039318.79,1929,1364,12471825.48,39.95348001522703
2011-11,1161817.38,2657,1664,13941808.559999999,56.44900009281406
2011-12,518192.79,778,615,6218313.4799999995,-30.220751344926878
