InvoiceNo,CustomerID,Country,invoice_total,items_count,invoice_date
581483,16446,United Kingdom,168469.6,80995,2011-12-09 09:15:00
541431,12346,United Kingdom,77183.6,74215,2011-01-18 10:01:00
556444,15098,United Kingdom,38970.0,60,2011-06-10 15:28:00
567423,17450,United Kingdom,31698.159999999996,12572,2011-09-20 11:05:00
556917,12415,Australia,22775.93,15049,2011-06-15 13:37:00
572209,18102,United Kingdom,22206.0,1920,2011-10-21 12:08:00
567381,17450,United Kingdom,22104.8,6760,2011-09-20 10:12:00
563614,12415,Australia,21880.44,12196,2011-08-18 08:51:00
550461,15749,United Kingdom,21535.9,9014,2011-04-18 13:20:00
572035,14646,Netherlands,20277.92,13392,2011-10-20 12:03:00
563076,14646,Netherlands,19150.66,14730,2011-08-11 16:12:00
562439,12931,United Kingdom,18841.48,11848,2011-08-04 18:06:00
541220,14156,EIRE,16774.72,6198,2011-01-14 14:11:00
545475,12415,Australia,16726.84,10272,2011-03-03 10:59:00
556255,18102,United Kingdom,16488.0,3600,2011-06-09 17:27:00
537659,18102,United Kingdom,15885.49,3689,2010-12-07 16:43:00
548011,14646,Netherlands,15719.56,11116,2011-03-29 11:14:00
569650,12415,Australia,15643.77,6895,2011-10-05 12:44:00
540815,15749,United Kingdom,15160.900000000001,7044,2011-01-11 12:55:00
552883,14646,Netherlands,14415.74,12266,2011-05-12 10:13:00
