CustomerID,Recency_Days,Frequency_Orders,Tenure_Days,Avg_Order_Value,Historical_Margin,frequency,recency,T,monetary_value,p_alive,exp_12m_orders,exp_monetary_value,pred_gross_revenue,pred_clv_12m,annualized_historic_margin,valuation_delta,valuation_delta_pct
CUST_1001,12,18,365,245.5,1104.75,17,353,365,245.5,0.9338111017576938,15.917404111453823,239.2352380952381,3808.003962461777,1038.924325880805,1104.75,-65.8256741191949,-5.958422640343508
CUST_1002,145,2,280,45.0,22.5,1,135,280,45.0,0.6026970804073707,1.1725442683647522,179.088,209.98860793290675,57.29045323742454,29.330357142857146,27.960096094567398,95.32818150963617
CUST_1003,5,32,730,520.0,4160.0,31,725,730,520.0,0.9719371852865571,15.108781913422883,484.8697142857143,7325.790769566521,1998.6697261458314,2080.0,-81.33027385416858,-3.910109319911951
CUST_1004,88,5,190,110.2,137.75,4,102,190,110.2,0.374862605863875,3.100363907810908,161.405,500.41423654021963,136.52625587674237,264.625,-128.09874412325763,-48.40765011743321
CUST_1005,3,12,120,310.0,930.0,11,117,120,310.0,0.9295270528769549,29.95912594163626,284.02933333333334,8509.270568452319,2321.5543566166752,2828.75,-507.19564338332475,-17.93002716335218
CUST_1006,210,1,210,85.0,21.25,0,0,210,85.0,1.0,0.9091938405797102,212.60999999999999,193.30370244565216,52.738369164874186,36.93452380952381,15.803845355350376,42.78881578886161
CUST_1007,24,9,400,175.4,394.65,8,376,400,175.4,0.8889799956707496,6.753369818620964,187.80333333333334,1268.3053631697458,346.02729078839917,360.11812499999996,-14.090834211600793,-3.912836714786515
CUST_1008,62,4,150,95.0,95.0,3,88,150,95.0,0.5535440633935375,4.460539304366767,162.20571428571427,723.5249639643145,197.39677081601886,231.16666666666666,-33.7698958506478,-14.608462516502293
CUST_1009,8,22,510,410.0,2255.0,21,502,510,410.0,0.9556268883942074,14.433030332923844,378.4176,5461.712699312242,1490.0998633991203,1613.872549019608,-123.77268562048766,-7.669297411104542
CUST_1010,175,3,320,130.0,97.5,2,145,320,130.0,0.45545996131407157,1.2814974576574125,185.07333333333332,237.17100614684952,64.70653132416776,111.2109375,-46.504406175832244,-41.81639613984213
