CustomerID,Recency_Days,Frequency_Orders,Tenure_Days,Avg_Order_Value,Historical_Margin,frequency,recency,T,monetary_value
CUST_1001,12,18,365,245.5,1104.75,17,353,365,245.5
CUST_1002,145,2,280,45.0,22.5,1,135,280,45.0
CUST_1003,5,32,730,520.0,4160.0,31,725,730,520.0
CUST_1004,88,5,190,110.2,137.75,4,102,190,110.2
CUST_1005,3,12,120,310.0,930.0,11,117,120,310.0
CUST_1006,210,1,210,85.0,21.25,0,0,210,85.0
CUST_1007,24,9,400,175.4,394.65,8,376,400,175.4
CUST_1008,62,4,150,95.0,95.0,3,88,150,95.0
CUST_1009,8,22,510,410.0,2255.0,21,502,510,410.0
CUST_1010,175,3,320,130.0,97.5,2,145,320,130.0
