mean_fit_time,std_fit_time,mean_score_time,std_score_time,param_model__max_depth,param_model__max_features,param_model__min_samples_leaf,params,split0_test_score,split1_test_score,split2_test_score,mean_test_score,std_test_score,rank_test_score
0.3362887700398763,0.0015137478456491026,0.011508941650390625,0.0003551560385540713,5,sqrt,2,"{'model__max_depth': 5, 'model__max_features': 'sqrt', 'model__min_samples_leaf': 2}",0.902170781866423,0.9081506344827273,0.8897816643004436,0.9000343602165314,0.007649748993224163,11
0.332794984181722,0.001849065782990664,0.011459589004516602,0.00016348538889898186,5,sqrt,8,"{'model__max_depth': 5, 'model__max_features': 'sqrt', 'model__min_samples_leaf': 8}",0.8954383077606438,0.905487508550926,0.882441570960566,0.8944557957573785,0.009434080320204763,12
0.6449690659840902,0.0038042458787677946,0.011452674865722656,0.00031967341140685165,5,0.6,2,"{'model__max_depth': 5, 'model__max_features': 0.6, 'model__min_samples_leaf': 2}",0.9170509440827201,0.9222392748768855,0.8957294219137104,0.9116732136244386,0.011471212219980266,9
0.6274376710255941,0.007976760421656208,0.011323054631551107,0.00023823542977758087,5,0.6,8,"{'model__max_depth': 5, 'model__max_features': 0.6, 'model__min_samples_leaf': 8}",0.9117850361393066,0.9212294800430113,0.8926251671460987,0.9085465611094722,0.011900069172495463,10
0.4749894142150879,0.003091512882663522,0.014798243840535482,9.022903448206723e-05,10,sqrt,2,"{'model__max_depth': 10, 'model__max_features': 'sqrt', 'model__min_samples_leaf': 2}",0.9499778887845146,0.9511549143557702,0.9369070040617304,0.9460132690673384,0.0064570062238944485,2
0.44501495361328125,0.0017141844969449842,0.014625946680704752,0.00011619350644986123,10,sqrt,8,"{'model__max_depth': 10, 'model__max_features': 'sqrt', 'model__min_samples_leaf': 8}",0.9344820377574719,0.939999544053801,0.9246739753260583,0.9330518523791104,0.006337840687466066,8
0.915102481842041,0.009022507099287546,0.013858318328857422,0.000505060484192825,10,0.6,2,"{'model__max_depth': 10, 'model__max_features': 0.6, 'model__min_samples_leaf': 2}",0.9491911383476976,0.9529349647014808,0.9302661052484736,0.9441307360992174,0.009922199030872334,3
0.8462316989898682,0.013264450133798053,0.01481024424235026,0.0010058173224151328,10,0.6,8,"{'model__max_depth': 10, 'model__max_features': 0.6, 'model__min_samples_leaf': 8}",0.9396421750979452,0.9432289954959865,0.9188174046000415,0.9338961917313243,0.010762393976399456,5
0.5411213239034017,0.009840867703374103,0.017325639724731445,0.0005039287115295078,,sqrt,2,"{'model__max_depth': None, 'model__max_features': 'sqrt', 'model__min_samples_leaf': 2}",0.9491997818157691,0.9521953888840886,0.9372345925571367,0.9462099210856648,0.006463270950697713,1
0.5087998708089193,0.006299325921832268,0.015919844309488933,0.00021738617942774336,,sqrt,8,"{'model__max_depth': None, 'model__max_features': 'sqrt', 'model__min_samples_leaf': 8}",0.9348356190662279,0.9428491078331632,0.923099664058161,0.9335947969858508,0.008110275865914675,7
0.9628506501515707,0.013843662008122823,0.014176368713378906,0.00021395310097632037,,0.6,2,"{'model__max_depth': None, 'model__max_features': 0.6, 'model__min_samples_leaf': 2}",0.9495516796064511,0.9535516730861044,0.9282488554415583,0.9437840693780379,0.011105768501052679,4
0.844191312789917,0.008982036463628293,0.013346989949544271,0.00030094056107089426,,0.6,8,"{'model__max_depth': None, 'model__max_features': 0.6, 'model__min_samples_leaf': 8}",0.9388987491232884,0.9430864273575943,0.9194417061265074,0.93380896086913,0.010302027919397832,6
