hypothetical_time,hypothetical_survival
0.0,1.0
0.25,0.9912881698401698
0.5,0.9826522356650732
0.75,0.9740915362817815
1.0,0.9656054162575665
1.25,0.9571932258697183
1.5,0.9488543210558013
1.75,0.9405880633643421
2.0,0.9323938199059483
2.25,0.9242709633048523
2.5,0.9162188716508776
2.75,0.9082369284518238
3.0,0.9003245225862656
3.25,0.8924810482567638
3.5,0.8847059049434836
3.75,0.876998497358217
4.0,0.8693582353988059
4.25,0.8617845341039616
4.5,0.8542768136084795
4.75,0.8468344990988415
5.0,0.8394570207692074
5.25,0.8321438137777889
5.5,0.8248943182036034
5.75,0.8177079790036046
6.0,0.8105842459701871
6.25,0.8035225736890607
6.5,0.7965224214974919
6.75,0.789583253442909
7.0,0.7827045382418681
7.25,0.7758857492393766
7.5,0.7691263643685705
7.75,0.7624258661107437
8.0,0.7557837414557255
8.25,0.7491994818626021
8.5,0.7426725832207822
8.75,0.7362025458114003
9.0,0.7297888742690568
9.25,0.723431077543891
9.5,0.7171286688639856
9.75,0.7108811656980973
10.0,0.7046880897187134
10.25,0.6985489667654288
10.5,0.6924633268086434
10.75,0.6864307039135754
11.0,0.6804506362045877
11.25,0.6745226658298248
11.5,0.6686463389261594
11.75,0.6628212055844424
12.0,0.6570468198150567
12.25,0.6513227395137714
12.5,0.645648526427892
12.75,0.6400237461227075
13.0,0.6344479679482281
13.25,0.6289207650062137
13.5,0.623441714117489
13.75,0.618010395789544
14.0,0.612626394184416
14.25,0.6072892970868522
14.5,0.6019986958727488
14.75,0.5967541854778661
15.0,0.5915553643668151
15.25,0.5864018345023149
15.5,0.5812932013147177
15.75,0.5762290736717999
16.0,0.5712090638488149
16.25,0.5662327874988083
16.5,0.5612998636231915
16.75,0.5564099145425703
17.0,0.5515625658678297
17.25,0.5467574464714691
17.5,0.5419941884591871
17.75,0.5372724271417155
18.0,0.5325918010068972
18.25,0.5279519516920069
18.5,0.5233525239563153
18.75,0.5187931656538893
19.0,0.5142735277066319
19.25,0.509793264077555
19.5,0.5053520317442858
19.75,0.5009494906728045
20.0,0.49658530379140947
20.25,0.49225913696491097
20.5,0.48797065896904807
20.75,0.48371954146512924
21.0,0.47950545897489405
21.25,0.47532808885559336
21.5,0.4711871112752867
21.75,0.4670822091883553
22.0,0.46301306831122807
22.25,0.4589793770983187
22.5,0.45498082671817347
22.75,0.45101711102982556
23.0,0.4470879265593564
23.25,0.4431929724766606
23.5,0.4393319505724136
23.75,0.43550456523523984
24.0,0.4317105234290797
24.25,0.4279495346707541
24.5,0.4242213110077241
24.75,0.42052556699604426
25.0,0.41686201967850833
25.25,0.4132303885629854
25.5,0.409630395600944
25.75,0.40606176516616443
26.0,0.4025242240336359
26.25,0.39901750135863745
26.5,0.3955413286560011
26.75,0.3920954397795564
27.0,0.388679570901753
27.25,0.3852934604934612
27.5,0.38193684930394883
27.75,0.3786094803410322
28.0,0.3753110988513995
28.25,0.3720414523011068
28.5,0.368800290356243
28.75,0.3655873648637633
29.0,0.36240242983249027
29.25,0.3592452414142798
29.5,0.3561155578853514
29.75,0.353013139627781
30.0,0.3499377491111553
