CLIENTNUM,Customer_Age,Dependent_count,Months_on_book,Total_Relationship_Count,Months_Inactive_12_mon,Contacts_Count_12_mon,Credit_Limit,Total_Revolving_Bal,Avg_Open_To_Buy,Total_Amt_Chng_Q4_Q1,Total_Trans_Amt,Total_Trans_Ct,Total_Ct_Chng_Q4_Q1,Avg_Utilization_Ratio,Average_Ticket,Contact_Ratio
714847983,0.0029926536022414235,0.0007440302305395287,0.00019760392415036422,-0.0029250068611999065,0.01052487894321965,-0.002764859166353082,-0.002504192553456751,-0.025254217470611896,-0.002360094874035989,-0.0019199312116113078,-0.02517691402312505,-0.08435144759040183,-0.009925179199619116,-0.005511233817263416,-0.005923268001621749,-0.006591121250579066
709985133,-0.021297180426479698,-0.0018965680698664028,-0.012974103277756017,-0.012247871754640647,-0.03461257684316651,-0.003491116952845959,-0.005441631257293226,-0.056751566153920525,-0.002367647169716537,0.004472246659291538,0.07728107471177562,0.09939926510694191,-0.07549864955999305,-0.026927954391660187,0.01488230449985648,-0.01605410221803193
714967233,0.014144408652375515,-0.002268138419965958,0.0036111596643211927,0.0019344988703730928,-0.002653913558926331,0.003360579775426226,-0.014071806659059967,0.2211104467580245,-0.010908226561796446,-0.007662620895714008,0.10837908801495649,0.1984561532616623,-0.018187781527758587,0.045236777208263065,-0.02326173423504086,0.0061439214442434035
789430083,0.002049848134932399,0.0040558146383732775,-0.0006296983251343781,-0.0011532436635386099,-0.010964111309751626,-0.0021082419650675665,-0.001395683753018165,-0.02664660717082415,-0.0012253226887994466,-0.004107750770837126,-0.016203227037055984,-0.04364850715150728,-0.02307066423423646,-0.008356865723219899,-0.014891445554149228,-0.009119259412560433
717500133,0.0009004085352945731,0.0018014887186029408,-0.001169413345041941,-0.005237396896859409,-0.001175870153939637,0.000746379788090564,-0.002577771823959099,0.014553759070347862,-0.0005725903907934002,-0.005027514797254123,-0.05408656246560109,-0.038963650235316796,-0.038108656884925686,-0.007473367315602699,-0.022041513221264537,-0.0023160279015052624
717260058,0.0014169819557022518,-0.0008054786883830958,-0.0006831400543886961,-0.025973458912105774,-0.02158869739836037,0.011811290433023416,-0.0021291486827671995,-0.05994497507117515,-0.001495949052520204,-0.001455563254800579,-0.04136276307607434,0.05645723428165347,-0.04321514578579524,-0.018971830609655793,0.004185646017794535,-0.008104412532986232
789594108,0.0014889092854714738,0.0011619202734372718,-0.0017543009259189416,0.042869452012441044,-0.014875816477715303,0.0007021207490937028,-0.0030701330453355644,-0.03678963692019597,-0.004815594070247464,0.008135143749235978,-0.06845573399371205,-0.14930843285666426,-0.021284230106017786,-0.012451117946253427,0.0556176174927793,0.04874820012654011
718212633,0.002522302525450267,0.0015329144646762424,0.000496385986163605,-0.005793779981037188,-0.00021479024415559827,-0.0022733108114108497,-0.0019140786891634393,-0.026107917419939064,-0.003368530134566241,-0.002830589416806365,-0.012411504376284173,-0.06363098497438745,-0.00595753264893115,-0.006547046658417504,-0.021736690099660214,-0.010290924619036707
821168733,-0.005345527066396248,0.0023417525137520677,-0.0005208938422042179,-0.029630249687789188,0.00540518581294567,0.0025361347966895596,-0.004693918859555803,-0.06375795461234002,-0.002996460864025858,-0.0036327080145565293,-0.05522189754469533,0.08167339808617972,-0.03141901126759496,-0.021103104453330756,0.007259106487423553,-0.022277071439149754
720618033,0.002464322806082476,0.004972180397834022,0.0019107986397152686,0.040727115870301075,0.007187116384662757,-0.007928906506050479,0.0013927217500064178,0.08770179307145615,0.004637076270299084,-0.026031088898581696,-0.10338469157806551,-0.17785962617230047,-0.0277159265475842,0.02333289400974771,0.08390061871936344,0.05616752468560607
718441308,0.0015266679917227586,-0.0007247477411116657,0.00025241138059493054,-0.004607051642792124,-0.01598457633153889,0.0009435395223475971,0.00038850353491214166,-0.03460300232410961,0.0012351984524325923,-0.005868001259795635,-0.026993194479135754,-0.04687054123643697,6.5721476816059595e-06,-0.013004635919020048,-0.005379339623272162,-0.001066101792206576
715222533,0.02432595889848695,0.005667256536620259,0.01068292729622732,-0.018720743500307335,0.020211725561351895,0.002094466171931727,-0.0010417222882001366,-0.07437215958168956,0.0009672836189266034,0.03441234910777361,0.23794994485369592,0.227574058591771,0.08534450419028913,-0.022175820148408725,0.09142143080410511,-0.010748489591032051
772036233,0.0024863792169135734,-0.0009517017506309441,-0.0011188562721841215,-0.007242640521506166,-0.0006676908173576786,0.0016006250666596531,-0.0005475662452006063,0.07028059306087371,0.0006781676064270959,-0.004754598785700067,-0.07618807667848444,-0.08912664190315685,-0.0232050328572761,0.010180374135426214,-0.029729692434203116,-0.012441940140328223
710754933,-0.004598996328834989,-0.00812121663392988,-0.005385026113809115,-0.04253717389560684,-0.005071716436647562,0.003609536883210054,0.0030437754912649682,0.08405381658842184,0.00037419538322103874,0.0006327250953774515,0.24306553873750028,0.19012880720009168,-0.03826419846508932,0.018059998512480867,0.004342319141094571,-0.024667986065776255
794576058,0.0017340554475871802,-0.0007352630041757821,-0.0009027329560889126,0.053726011094128945,-0.0002584196627510308,0.0006890435460025203,-0.0006377145393883887,-0.03964752427748332,0.002592991625389526,-0.009801740153997315,-0.07543795352836184,-0.12022057549480031,0.030395911181160577,-0.01499179609596547,-0.0178529770441082,0.066711495654235
786557358,0.013601326518226946,-0.0040444543567978285,0.002729444950193088,-0.03587377736740381,-0.0006828071307643788,0.007439008501907262,-0.005626183140994837,-0.06386134971594613,-0.005040367891688065,0.043412665722691535,-0.062084459474470874,0.09270716332008895,0.17173174077048717,-0.03613787268682864,-0.053838710181380214,-0.012481254458635786
712340733,0.005132889078705872,-0.000744384854425097,0.0057490653191176345,-0.029033339093044157,-0.0004831421614262068,-0.0040442952728287915,-0.008429814834543631,-0.08662624742062822,-0.0038014234452216286,-0.00884811172817073,-0.023153429468501283,0.06532578038971441,0.06529857486311001,-0.02840563619228536,-0.045097731570506935,-0.03180927515101634
718373658,0.0007113099919202684,-0.00010165373992911273,-0.0017516850823029294,-0.0042175226443090085,0.0036151936169435475,-0.005592917431636308,-0.0011683524391040564,-0.0038182829461119597,0.0017074141395210182,0.012834073203624292,-0.02599424575562838,-0.05443119616509031,-0.02368994178136077,-0.006981088080805436,-0.03454983156879638,-0.011764017081107478
779198133,0.0026845858090129102,0.0004789482338736903,-5.955125347746279e-05,-0.006415897125516022,0.004474203166066981,-0.0013965916054249636,-0.0008886471006589456,-0.035870171058460985,0.00019959662321882604,-0.0021616268292042875,-0.03824737119460409,-0.022659275160371438,-0.020275602095537918,-0.008766172117256466,-0.018873866585929995,-0.008526416581013203
712288158,-0.015662169508486187,-0.0014263760992939288,-0.012342671760749541,-0.019933858451320438,0.007531445948225065,-0.0024116669956302586,-0.0021136444357167557,-0.06280297269275668,-0.0019709037152812986,-0.03662011639011625,0.047351666552598065,0.07848089139691604,-0.07411651835932312,-0.025439880518551186,0.033812112909283536,-0.019528081643968867
771976683,0.0037652327025379084,-0.006108547730313843,0.0012931212708278523,-0.014326857757670829,0.008503924247447945,-0.0029347644526948095,-0.006998378251765807,-0.09529745972360518,-0.002490916883178014,-0.007901864793422623,-0.0755075786807975,0.077267339382518,0.11036953247577143,-0.03769856028703657,-0.05740850583111484,-0.027496237229453904
713798958,-0.002745006265841033,0.0007392886768819839,0.00038419228269239873,0.04914413300367231,0.003769099982969291,-0.0035672012652731423,0.0009890657569380256,-0.029983617558352934,-0.002125817549755913,-0.00041118434261421644,-0.03963106819704337,-0.08958832117046493,-0.02420959543493118,-0.0058616497906167075,-0.008478375018222392,-0.009172242429766494
717575958,0.016263039936610445,-0.008192858315109363,0.008932795790360716,-0.02998101006181982,0.02263169714896418,0.004770555218969666,0.025048715844943854,0.17227692428733904,0.0006232917768796967,0.011720667352505584,0.16570611390786935,0.21733444910982144,0.12669791253963023,-0.008975852508357677,0.040683143273546364,-0.017954551288548247
720753183,0.001603395042304028,-0.0006963138771139083,-8.395984175161669e-05,-0.0064422591025690016,0.004100605464884844,-0.0027362796881340613,0.0003080037895826013,-0.030912877553496358,0.001071419436988311,0.011069128397415721,-0.029411495907853028,-0.03453805848503141,-0.027170114570169226,-0.00882119780551859,-0.025014438640656243,-0.009740522645276386
809797158,0.0017123662148227365,-0.00041415739002303916,0.00028853916609948295,-0.008022559202756114,0.003836617541108803,0.003018869177609682,-0.0015851165548171385,-0.03191347661670156,-0.000971540364321074,-0.0039847389616199155,-0.042025980719728115,-0.02438574405129646,-0.0256452322354745,-0.010032068025726796,-0.026286340024623062,0.00788448494994148
809459733,0.002249652807023775,0.000968563231491796,-0.0007468872109982913,0.03521098213287416,-0.02137256644023699,-0.006314679614848846,-0.005048078328070533,0.07646896155903411,0.0006392630679389905,-0.014288529226234276,-0.08060976840547754,-0.16008372717315292,-0.032682444964948605,0.014393501020550198,0.06983806933133803,-0.002148388883789627
709592808,-0.0021504500767236187,-0.0007946116249968513,-0.0018705628102188817,-0.003455001482238399,0.00401062314950817,0.004042784813391744,-0.004686187291359164,-0.03444760727961791,-0.0035737703382275766,-0.010220390833810631,-0.02991146368606078,-0.09895262162053164,-0.023453916161791082,-0.011161412193648874,0.060179446275335606,-0.00430315815873802
815015283,0.002503075264081938,0.0024265247344513047,6.068527184047449e-05,-0.007944741829558377,-0.0006903197051498063,-0.0022481425801790223,-0.0034202686611316674,-0.03427564014636302,-0.0029226403829496162,-0.001677842121735229,-0.03874844477482847,-0.0371089864214158,-0.006384139963281611,-0.008225939735770297,-0.011954259945229492,-0.008470551655842274
716366208,0.0014987689358174744,-0.0011538320900705168,-0.001604062803976567,0.05345711957885485,-0.017409251700331314,0.0003520321697855062,0.000443495661373907,0.07088176654910848,0.003936352861621406,0.033544648148386716,-0.0754722872743812,-0.13945317567606866,-0.03272571981294985,0.022833860358698898,-0.04299431438754878,0.047560744606395824
711676008,0.0021313337217337244,-0.0008184996346594386,0.0005624578705154983,-0.009055763529483734,-0.0011809452392255691,-0.0023444620247485737,-0.0006180716299641158,-0.033043245973627254,-0.002284130230986397,-0.003337372273640517,-0.03679764096760904,-0.007974279172111543,-0.03146066022312602,-0.009964121597892742,-0.014416982279130937,-0.01014591613577092
717192933,0.0015087991077347624,-0.0018311866958342562,-0.00033298244676960645,-0.009613657592017651,-0.0056842831161288574,-0.005484377913551806,-0.001792482213845271,0.03593278187388435,0.0024909191468985084,0.004148777245707615,-0.056680591572848896,0.06943196400100125,-0.0462924475599619,-0.013063108742369746,-0.012983484756173882,-0.023725160307674964
716319258,9.06707586533974e-05,0.00042442394880517375,-0.000566061990051395,0.038169549731249024,-0.0149251658507818,-6.26353578662838e-05,-0.0012829252550455178,-0.04702425050144915,-0.0015459249166160714,-0.017589767566653088,-0.03751483205519305,-0.11810006930732245,-0.023671379999612475,-0.018908851029125207,0.04169626794998457,0.04672931878796324
789827208,0.0013839792423478356,0.0016975425729609972,-0.0008049318778108442,0.04394961781573999,0.004994706076735696,-0.006518882083735686,0.00046213983697367345,-0.04431390731860198,0.0016901634289583746,-0.013490817246418853,-0.025910094649071014,-0.09976703798721027,-0.027305971131864514,-0.019795538407132513,0.031493463474888996,-0.008512731066488777
806189658,0.0032768032764335193,-0.0004766044487305786,0.000582274492815942,-0.005687980792945209,-0.0006604031549376067,0.0009170634075659088,0.007315399719926975,-0.024470550898491976,-0.003663009869613717,-0.0006645627742600626,-0.0341162813662754,-0.07354444134883394,-0.008190864371541939,-0.009718011690383164,-0.005747549416297317,-0.005899580084159438
720040158,0.0021159330522364495,0.0011641662502638965,0.00047530560836066445,-0.002487752851859846,0.005188423185345719,-0.003393075148487835,-0.0005361926479153117,0.07291795291843077,-0.0024352006112517708,-0.0070379073409787074,-0.07610795521408835,-0.07670648958175699,-0.03800328893450099,0.009675753616776908,-0.034443371821753846,-0.011134599798549211
787605558,0.002968878437784084,0.0008517662539531317,0.0005623376080990668,-0.009239943072854133,0.00047498573926408607,-0.002620288486948241,-0.0017203998702016237,0.07887074333147565,-0.0018434042170791354,-0.00792176151271525,-0.06011643374968986,-0.1182075350397314,0.014227687822767964,0.012513173885668678,-0.04465203779694663,-0.014896068652574484
714211533,-0.04443284341802512,-0.010486890649826162,0.006204574725373133,-0.01622911653807229,0.01606599616966606,-0.005501662970377398,-0.0035097527098913364,0.00868035808987828,-0.001954061512900967,0.030370454046396544,0.17411697657923758,0.14987008041409197,-0.015051806793029051,-0.012711488885794047,0.026191994305317014,-0.017926665727327096
718418958,-0.028741978213196212,-0.0043320795871834685,0.001586701064745032,-0.06708043836147405,0.0003758757938375442,0.0008094378633797169,-0.0025241778086829945,0.14678897024321116,0.0007687333841393658,-0.005131276524219786,-0.020886451465091833,0.11738524915220629,0.09991321424079101,0.027408319896104923,-0.07289942783442402,-0.02661754259244316
710849208,0.0028296422988286383,-0.0006661990803208896,0.0003819033727581605,-0.0059609529462708085,0.004575072575914064,0.005532109988038331,0.002808622615301241,-0.03705305018755726,-0.001785848408654388,-0.012142384373281492,-0.03343510744435821,-0.10909574960640574,-0.025598092191433813,-0.01204255261271124,0.06423037172490625,0.008340581622185445
719019483,0.001250076877122267,-0.00024123449306692431,-0.0012635182936390232,0.06455397041842226,0.004626943326459681,-0.004619758860829072,-0.002259160181327781,-0.03653248650515646,-0.002026186729406517,-0.0012950569945735955,-0.06469141062283239,-0.03402674609096224,-0.019144361065178084,-0.006130186814729679,-0.024656286737317425,-0.012070674330490569
758211483,0.0005059146251122314,0.00044412490680786584,-0.0011574559004808263,0.03820630569780522,-0.0015320692565658769,0.00012670709360801,-0.0011910199272982696,-0.03689747733251977,0.0023588402783860656,-0.0178113977263225,-0.026640376733213927,-0.15118898908068779,-0.023359328577603276,-0.01983513925929665,0.07009671196540837,0.04490412768491111
771061008,0.004700193257796244,-0.00012917441099801532,1.2939502295228727e-05,-0.0177713604114858,0.005086090714444044,0.007461131264806222,0.022518077490400478,0.15473589394553255,0.0278024292265139,0.009181181521859757,0.1494999059888504,0.021326926244811792,-0.06827184686224323,0.03649703307711942,-0.019400776645052818,-0.011981070208506453
719583558,0.0025121032485237974,0.0006521921090098751,0.001793105724059648,-0.0050895530615923355,-0.0007592647350546863,0.001129374222823541,-0.0007251918100512098,-0.03470737986959348,0.0007829218685559224,0.002093513031095291,-0.02990574015196847,-0.051919924391643724,-0.0004058693673693691,-0.008499371510071668,-0.02125335709256346,-0.009779190867220943
715369008,0.0016116144897157583,0.003577568378985611,-0.00010628007947613191,0.03582931898488986,-0.000115458854236221,-0.008023858629906103,0.00013005064141563482,0.07724644949394271,-0.0005708989835104183,-0.019712539027959206,-0.10363904612265668,-0.2021152842172511,-0.03717865264752836,0.013471247952587997,0.06553294363778925,0.049981192330133935
710555433,0.011240187836634476,0.006227871248407877,0.007263064162433912,-0.016692768753038285,0.008946650835357962,-0.003254862619419502,0.005308488359280454,0.2072776558890335,0.009034616228657984,0.016707946288676626,0.21855446935856782,0.2519911735071935,0.020932345136908503,0.05055178765266626,0.04526424869097472,-0.014386887427777727
720244983,0.004099668430782496,0.0022415840014050003,-0.0012960988602654588,-0.030668949337514486,-0.0287859022563033,-0.004609491762157421,-0.0047988716171936015,-0.07676686347074098,-0.004607778106362781,9.373010887380915e-05,-0.06366464343517914,0.0778545827706696,0.10765853193686585,-0.029468292847973705,-0.03623476775516635,-0.03401695934169054
716981358,0.00024929029840316496,-0.000628921591072913,-0.0003115069842652004,-0.004601515088968022,0.003689816261851585,-0.0046547456167754225,-0.003889608086536262,-0.027715200262028283,-0.004708569864887228,0.006163977176640265,-0.017784579349818152,-0.05136786589249928,-0.019365436500973266,-0.008363311091489306,-0.014854780798278787,-0.012605341929031101
824915208,0.0012189743026958793,0.000696471937344977,0.0019418553579855712,0.05296706668986362,-0.012814420403692895,-0.003131858262400346,-0.0006698086360274106,-0.023654870106113845,0.0014547842476774619,-0.00415991775868811,-0.03817788759391009,-0.09723758299519025,-0.016109636850030713,-0.006642005483583078,-0.0037596108364863047,-0.009336519595839357
720062508,-0.0011516238761284168,-0.0003053502000123233,0.00034202281236523583,-0.015241296798955351,0.00959184203728379,-0.004853042427530174,0.03503643971576824,0.22059353357244713,0.018757538804046545,0.0037998419178271025,0.22356087284281193,0.24540496232960807,-0.005076085049619195,0.05466304892984183,0.05171330986701378,-0.013139869352049091
801728658,0.004825099712731278,-0.001185186400072041,0.003606752748169901,-0.029279989715176907,0.009663080886916224,-0.010208235649843238,-0.0018474491872739445,-0.0800556464875726,0.003740270554935027,-0.011970633953921653,-0.04353711063247353,0.08559433066102692,0.10166451660386526,-0.02260512863529433,-0.017366718944076515,-0.037579901675318876
721163133,0.0012130882692737862,-0.0005433670229440506,-0.00023583205535417605,-0.011029685152318629,0.0065015307294539115,-0.006008148315520033,-0.006292808117719902,0.08688044340802728,-0.00646372342961103,-0.0009332070200279524,-0.07977883675266413,-0.04714736274208856,0.008627388736358849,0.01011201664966421,-0.03282702173534133,-0.03260055254669454
716138958,0.003019577389508789,-0.0009964146146079628,-0.0005087216182266001,-0.007047424099971018,0.010489632881227583,0.0029531609462520522,-0.0038175766009459363,-0.03200453020660413,-0.0030272072014670337,0.005554285512378125,-0.03867440534127673,-0.0332891317184607,-0.018059912544414917,-0.008714286489599935,-0.027321831523261456,-0.00930351409025815
793608258,0.0037455779639069585,0.002573905096833128,0.000492959333648927,0.06612686159184546,0.019143309915318943,-0.003524208067052489,0.005124292734186576,0.0947915590717429,0.0028430317935529445,0.011082987334793133,-0.0042053716268291965,0.19844624465927568,0.15820514515679665,0.04141079926238107,0.10554585591642617,0.07300430609899956
714228558,0.0012035024355991181,0.0012335101319122944,-0.0003826428328422566,-0.005584837584728363,0.004704857453386392,0.0007656523980326322,-0.00036616977769960525,0.07317078414263117,0.000873074910458206,-0.006439942884927454,-0.06302096135203526,-0.10052903712348243,-0.04019603832485541,0.012081105120266413,-0.02792399996513462,-0.01033715606630926
721305408,0.0020010685661790775,-0.0006600899567973294,0.0003662950312646944,-0.005658470837250572,0.0006659994516701399,-0.004465772329311018,0.000568584087628527,0.07116001538138811,0.0033017798484962393,-0.003474702660813473,-0.06384374699379397,-0.09395991537003365,-0.036821570232602754,0.014075998626139483,-0.021420342075182088,-0.012583429856709944
789556533,0.0016715759664749732,7.961503167965139e-05,0.0011769537765654475,0.03675221967138211,-0.0021641382664288954,0.0008802853211158316,-0.0010908460719202986,-0.05917349837642606,-0.0003191415492784589,-0.01395520610107548,-0.027372842563265994,-0.12983138443648984,-0.024469598876961426,-0.028254072041476758,0.058154893664015966,0.03661132997680563
713422083,-0.03965148170663108,-0.005625032875554851,0.004026107381732826,-0.01700058470187096,0.009651509445975787,0.01728895634871919,0.06471948017717839,0.16096589245807622,0.05049169586944871,0.01640884387494223,0.16478545534713407,0.021698029836150476,-0.014443005349363507,0.04571044935941977,-0.012655743283001585,-0.014007760390973394
714962658,-0.017479172021011236,-0.0012491207565512928,0.00512600867932959,-0.013782545108469265,0.017659706078769523,0.00418077968249419,0.013026566008471671,0.20456279464644256,0.013952938017908149,0.0039944957636555735,0.2228261057896072,0.24409305833036668,0.011678523670641311,0.040271992713650596,0.0508242399402327,-0.011545781866377074
712319958,0.00036183080862946926,0.0027745234140859848,-0.003184750062453978,-0.0073196972207108645,-0.004066453890125798,-0.0044852332401497715,-0.0002143933919187954,0.030287994120378768,-0.0008240442993707181,-0.002159263932134183,-0.037155979321024206,-0.05006859811381908,-0.026010643239089165,-0.007091102624519482,-0.023276945409202044,-0.012759987362748713
713976258,0.0025470111226744497,0.0007518143370374243,0.0010795498437371732,-0.011603773977333842,-0.012660337898934275,0.001069454173256478,0.00634202900762745,-0.031131826750214336,-0.004420565779245429,-0.00023905197612268943,-0.024087380749327696,-0.018182714479504775,-0.01739425330782873,-0.011620931020999637,-0.032515834958386884,-0.00868148690616227
718795083,0.001491931093576403,-0.00033873482704239923,-0.0017160011873593483,0.050841136495559235,-0.012880416307606697,0.0022800905327200077,-0.0013579740113077387,-0.02515940238373438,-0.004797093042919307,-0.0029818525349752582,-0.04582414391806022,-0.11744827050029516,-0.02071432211210782,-0.00840679481242438,-0.005885842087927569,0.036593834728620864
789599283,0.0028322549994833674,0.0007462214584134445,0.0005889132468115012,-0.008832333594876562,0.004220006916787426,-0.0023954147937456536,0.00016133056683891026,-0.0356341898145314,-0.0031920425544735543,-0.0023844719679382725,-0.03551284727504218,-0.03530599497318878,-0.013510378084683257,-0.006910116066317313,-0.015624428715638808,-0.009994808667626668
794664183,-0.0027571643991750406,-0.002473382287903154,0.00046552613725654886,-0.015770192209721545,-0.019189765469909394,0.0008360631525425833,-0.004564042455681676,-0.0704566773925992,-0.0027171315744850652,-0.005337939887205354,-0.029691564495799433,0.07689269287497567,-0.01728881818963687,-0.020820014032531343,-0.02058975087627651,-0.0012861382135776567
712475733,-0.0025953173497642013,0.0011568016262463968,-0.001831691204394355,-0.025019576203774416,-0.0016309057867283528,0.001319639733545234,-0.004867528521586549,-0.07110724336777854,-0.004208158503756153,-0.016287737129567617,-0.022811561636495992,0.07239405862995649,-0.0270062828509606,-0.025087384607940893,-0.016477720065852883,-0.01668769208087475
708680583,0.0020430083862131754,-0.000926031894672851,0.000520296411911783,-0.0058821967563118995,-0.014439716907727457,-0.0025724821834292866,-0.002263737734476113,-0.029649895495568197,-0.0026780380334623924,-0.002937622299434157,-0.02429168547775097,-0.04729169473049827,-0.009741220444226857,-0.00758733808802245,-0.0047393892256722865,-0.00831055484659972
714412308,-0.0023356797850747194,0.007360198069668709,0.005760439163307743,-0.05374564930100525,0.0156342747562288,0.0067541580697533105,0.002511682446567329,0.13791034257171492,0.004920567116528132,0.04222994857395746,0.11199559686516905,0.18748385306391013,0.1559485543977786,0.04208716419794719,-0.0013056204659140226,0.004041870939735064
708385533,0.0003837328453402228,-0.0048086131656959455,0.0010045996761625694,0.039154024421021394,0.013756759822589679,0.005911638827007948,0.01162721093091679,0.1308707184837436,0.013696296774186446,0.08141409933514764,0.10288729559651881,-0.05351707937176823,-0.011742485268365906,0.06656200505353041,0.19548000348143776,0.02934927101627629
789407958,0.0015581828095862572,-0.0008022917947612177,1.575216598368715e-05,-0.006518177625984473,-0.0007408959031915914,0.0011401253349137622,-0.002141360304328525,-0.03226919135952685,-0.0020978945487731735,-0.0009559725850517466,-0.0421834754886968,-0.016863578390851137,-0.019466776440063897,-0.009062668000573565,-0.020620745021636796,-0.009739332166771836
787532808,0.000994396577043448,0.0015468056341039497,-0.00048175826172089213,-0.009525595610022423,0.003648585915192296,0.0005697114741477578,-0.0013650259071723407,-0.02789902758755274,0.00015993739647920827,0.009959967796347828,-0.03519291610918362,-0.016787175012807784,-0.026808256824792084,-0.006102832386622691,-0.04231253408163519,-0.01115258233153255
709625733,0.0024167833096459873,-0.00038887314634021715,0.0005612035172926224,-0.008636581095529778,4.7722316771089165e-05,0.0013398874014051106,-0.0008930875838159512,-0.04480986246139915,0.0015557026447341965,-0.0033698578525155885,-0.04115932000718765,-0.04975909841650561,0.029626746790296317,-0.01728176800146038,0.00105396938962539,-0.00882964390252231
719073483,0.014362817325840554,0.004480785877160953,0.0069801237383010474,0.0011067923694466463,0.015006393741374647,0.004413930044700662,-0.0013996460571877275,0.15501862683015602,-0.0009253990823673064,0.0033609421470480374,0.143007648295665,0.22608141574620969,0.16920699423254798,0.04605570526374719,0.04297703343600845,0.009517536771619818
710428308,-0.0030045476892103427,0.004359049890295608,-0.003280092066011544,-0.025796252847841032,-0.026181643580234903,0.0012310340034146355,0.004427928898477358,-0.07855098800876774,6.588559181146569e-06,0.026947437289888396,-0.0043469617453245615,0.06356643212199599,-0.02423435549948054,-0.02620355230358518,-0.029239584867207406,-0.0011630771896034907
713952558,0.0171408677239987,0.009322621549543766,0.006761832366396427,-0.0038861875287852475,0.022924913541125067,-0.0029316911848430633,0.03426211262559876,-0.10021953388251775,0.018365292447754953,0.016002079332606858,0.13185470340784047,0.18177671755609282,0.12737816720920214,-0.022410911233598417,0.022060476631057143,-0.01526087099231191
709861008,0.002542461031671544,0.002024449747044066,0.0005917395186858911,-0.006564755405793031,0.005061579736998592,-0.008625544035987222,-0.000883473790660582,-0.02419851651436039,8.13507005541465e-05,-0.019977572815185685,0.003077467358562392,-0.10791284201725536,-0.016752371699813272,-0.01790677421008324,0.05668764369507632,-0.008548696174737875
712863183,0.0018926378352986692,0.0008915699397337323,-0.00016923308693904892,0.04830244100921644,0.004615823142297086,0.0014899649022655963,-0.00031070843626542936,-0.028258400886013207,0.0006497642393284374,-0.008915191888484063,-0.07419304831447755,-0.1626446525567344,-0.026955619042527277,-0.013165953935267007,0.059488999513811903,0.03653330824502798
714864333,0.001925968807060356,-0.0018056928106651893,0.0007221816700705171,-0.03492808351064712,-0.04795548776932653,-0.006925466669691783,-0.009016391742574825,0.12863763996291036,0.00850968820368674,0.0066595391295292865,-0.053661699548565624,0.11126310931723028,0.12220645186471789,0.02637213283225369,-0.04991304700066188,-0.046505808721721734
711574008,-0.028522373148116686,0.004870797661645751,-0.016790434805628987,-0.02449699553994248,0.00498731616368178,0.011055650332443047,-0.012876317957243822,0.11756206986830044,-0.014437719076890876,-0.00499413884818775,0.025519381994232038,-0.07519535844803453,0.14707232318760322,0.03236257961936162,-0.06116680772840285,0.03330172740545182
779548008,0.0005524954701317278,-0.0011746398958755002,0.0004046371745142283,0.02844452434363803,-0.0018729005585090626,-0.002703281722444849,0.01511919007611037,0.14092214479862797,0.03213719780004492,-0.029272534032010578,0.016607160853312587,-0.11736149548978485,-0.032233982884909036,0.051582563584682155,0.11507841485619744,0.05657776186210027
789526458,0.0024381788464627532,0.0007148412883640668,-0.0004703930889411336,-0.011982604639565186,-0.002104789039430415,-0.003089909061049591,-0.003239267325399871,-0.034987839439931806,-0.00270739598892124,-0.006771483575967647,-0.034125131835486794,0.012890972707878612,-0.039649647152284445,-0.007632868744413207,-0.01236949436606118,-0.014328134571647439
708393633,0.0037326803092482532,-0.0019151883709821742,1.0119362728436443e-05,-0.006982201088099759,-0.0006838451006504263,0.0027517939606980864,-0.0023141675320890362,-0.03492605119917005,-0.0028920856075574436,-0.004281711269256511,-0.014603166795637553,-0.08196492029694419,0.011928383515176347,-0.008291610395020315,-0.013883540138348858,0.00023387799284406785
708588408,0.00341556750353187,6.680563306977559e-05,0.0007067432825228658,-0.004378456918237023,-0.00031921747241259836,-0.0021718072148316134,-0.0010444698811646813,-0.032418246339716184,0.0005071741622216528,0.0023151383712540327,-0.02871524956058847,-0.06775847650311419,0.0039878469943670815,-0.010612681176925518,-0.011206073942747556,-0.009789562923624331
813338733,0.0026958020683155023,0.0005273765446867966,0.0011185149606164374,-0.004105808384888859,-0.0011382040248044442,-0.0025359625788652983,-0.0012127723505058856,-0.032783908877467814,0.0005288459923858126,-0.0010080291177194363,-0.01691547681402311,-0.05839943502839699,-0.02039195129192567,-0.009520680351007251,-0.010287002131925144,-0.0073196079342028415
720724008,0.0018314932490430507,-0.0005498704016981136,0.00011782293830738585,-0.008174848320210771,-0.013952332879913138,0.0023681628056537777,-0.002031816390303828,-0.021865817047582076,-0.0010715355161426785,-0.0039686074653880144,-0.036152278111491305,-0.029774887363867575,-0.018571139456113408,-0.007189464536002554,-0.021434946448822975,-0.0003282343751949952
715908558,0.001188215682363408,0.001509276321754929,9.043757102331318e-05,0.04090091301945638,-0.013993014659019032,-0.006000278305440551,-0.001187337091647405,-0.03832213485291994,-0.0018927150809493168,-0.015359723451910735,-0.02634812437921594,-0.11085579437215615,-0.012556358760804411,-0.010495205685272886,0.03874654238727664,-0.0011729976622663694
711116133,0.010327513077438887,-0.0025707020116896018,0.00353697417742632,-0.012446476888616205,-0.001006032095731733,0.0017666218202251097,0.029980722139366808,0.1713617060413207,0.010806652649999473,0.007651508929316112,0.18764611399773626,0.17339378384214488,-0.15009759009377183,0.043302740927001385,0.011127197798610442,0.02869318859171721
805453908,-0.0027690809269037375,-0.0008610610477121929,-0.0012482863660076597,-0.002722985125824829,-0.010717355483746974,0.0005937464923487335,-0.0020834253766275172,-0.026084368765851816,-0.002596525149734101,-0.002348933986297219,-0.018562767464589847,-0.04083287400901874,-0.022293895980084168,-0.007344782485416618,-0.012793912630347069,-0.008081791013914253
789097833,-0.00048035830953204183,-0.001179581488111481,-0.0012031149953255387,-0.006303702589535948,0.0030181360006362105,0.0007472133356140248,-0.0008382217142149677,-0.020846085485637492,-0.00011082060930721461,-0.002971276744032956,-0.013550131872478803,-0.05824728758197488,-0.02397634383935799,-0.007692679082064851,-0.02014617153606672,-0.006967872808337495
711600033,0.0006430549514492945,0.0001648518192176226,-0.00014919341959342713,0.03771601375273635,-0.01787091466364507,-0.011679264730607033,0.00013722921512174653,0.06601671848336282,0.0018445230716559356,-0.0170711765025644,-0.07381079289126641,-0.16599860946470582,-0.024763426747205587,0.013513579232211732,0.06585134925425855,-0.01640335179126669
716470683,0.001610701848173331,0.000557112272219942,0.00021826891400984538,-0.0035170792539337054,-0.013098425668472021,0.0006803956600378298,-0.0018852463266675005,-0.02965885608888624,-0.0010678733253889296,-0.004296385629857867,-0.018190296745664008,-0.05619945593502725,-0.019197424602229275,-0.009262789316907404,-0.007192575000979653,-0.00024837012015470827
814571058,-0.014335156853019995,-0.0047482042444969685,-0.001459315234092619,-0.015936807934235124,0.005837070348648637,-0.005749023948296337,-0.00478909637873199,0.08390684763681358,-0.0006546801825592988,0.016036636932588565,0.09638201768114175,-0.03054593916700607,-0.024531036528755972,-0.007116335068506861,-0.03869633556711571,-0.017571163034326025
793636308,0.007390040403551186,0.0038230782583164873,0.001451095210759279,0.2263224124769923,-0.0009454272029463255,-0.007012881742106369,-0.0015213553813520977,-0.08114971179879624,0.0015151587640095407,-0.014569468759892096,0.007490364992686977,0.15256291383788648,-0.014020401033907323,-0.01929835493499025,-0.025328846841043803,-0.012345804457785084
738627708,0.015065549234874968,-0.0031027558104334994,0.00688007719788409,-0.028995543663888384,0.022154366053274945,0.0027645077894544166,-0.010267700981003663,0.2111634687269906,-0.005751831548269124,0.026360472837348135,0.03630464864950203,0.1788509813950331,0.019317399818863323,0.04159033399619449,-0.041378838638758596,-0.01037010104346108
820353558,0.005464248877911049,0.0007703428080735588,0.00015813925545585616,-0.0254148335505472,-0.026662764360631946,-0.0036631725155961063,-0.008474191806803654,-0.08245984051375467,-0.0023162508004882453,-0.004814040923292205,-0.04961985960548286,0.0727074567563769,0.05213296568878609,-0.03472452669842026,-0.023350678546548227,-0.02714796005143285
718739508,0.0022232283701064323,0.002488802440995017,0.0005621299364747445,-0.006664886245475249,-0.0009839662560358698,0.0031391699253260357,-0.001776659271896144,-0.030868092181564534,0.0009812469379148494,-0.0021088327320255267,-0.040913434715403256,-0.028725685672322806,-0.023129583127629368,-0.008964791201061622,-0.01817090693760333,-0.007836038589526934
711191808,-0.0004567272010610018,-0.0005595655944787519,-0.00026831279830042727,-0.005335443461703519,-0.011648591039145261,0.002648951056123767,-0.0006671914220365645,-0.03205871952392124,-0.0020135588410442723,0.0005618964558075357,-0.019559582360316106,-0.05522713831846635,-0.020096688420546484,-0.010067378632381382,-0.013080212709893017,0.007079963491635181
720508233,0.004093087891698878,-0.004667225936380252,0.0038118992439651104,0.003249669035287586,0.030234151076454257,0.007834373637892387,-0.0033647607359496992,0.21968665891714104,-0.004145747068393746,0.019328306257646626,0.05862739738496541,0.21055483476204792,0.024234814149108427,0.056598474176263715,-0.0038523811424788492,0.04091703791989254
780064983,0.0008256184005366611,-0.0006562190805662512,-0.002103029131586232,0.037646622798363824,-0.015319821007203886,0.0016038743990250412,-0.0011846939074030226,-0.03278981849026705,0.0019236354234478902,-0.020962359376521387,-0.043922899268450534,-0.13633867198279614,-0.016545889943467246,-0.0002676118144098786,0.044697818251450736,0.0359784787434526
801715383,0.010477804383472074,0.009659819601807906,0.010724295224117952,-0.029983652514211725,0.017853633033659732,-0.007369700053677566,-0.026523861590251836,0.18668988645949888,-0.017030068658781403,0.01116276141794305,0.1545473012524422,0.17627716986773662,0.023263521336127316,0.027127094336008364,-0.05880011572378552,-0.02918926705691178
714277758,0.00044285167905577544,-0.0008060570664511628,-0.00158947125547431,-0.002740170659102413,-0.0008027883363502589,-0.0038530084452963356,-0.001662298148503123,-0.025379452189684914,-0.0003303736534768927,-0.004259167568121864,-0.024092195320248314,-0.03695482534883119,-0.019384770186625256,-0.0083503664978689,-0.019152173359785155,-0.011834032962963868
720210483,0.002376205261431178,0.0005528202999738917,-0.0020921129408064637,-0.0031638249903540336,-0.00031060907648498305,0.0007979295990275422,-0.0025926809807439058,-0.027740266522583188,0.000499625839398657,-0.0034936596177885227,-0.014218096571547826,-0.06796741467556208,-0.019547797018616864,-0.00786380700085586,-0.007818387272172177,-0.00816622365204343
716864733,0.007708850045547396,0.001798932089106653,-0.000370410435845469,-0.025303204903708524,0.008358537310554763,0.002331204256853868,-0.007203446802510594,-0.057902974900772126,-0.000786842839003892,-0.0018864610523952983,-0.02679270208081582,0.07938060486255531,-0.02273681541900172,-0.024536345883547344,-0.031383680390860855,-0.021423543175883925
712924383,0.003986016942858858,-0.0006288076239281351,1.8906301591252014e-05,0.001084565580517049,-0.0025690173760244436,-0.007557373263296518,-0.0038484356938784325,-0.09387615781503303,-0.003025953927656468,0.008365121262286406,0.0661218622865086,0.12226939443853975,0.17276991301286382,-0.03216504184674107,-0.015582778664838027,-0.02306818489117109
771471708,0.001156426179748116,-0.0005516593616629792,-0.0015140813297116454,0.051765671253305584,-0.014188743630044515,0.0015384994503598133,-0.006709602754260557,-0.03162182270440882,-0.007681651449401519,0.009560428870373595,-0.052966754266879384,-0.0882123875485147,-0.03003543118359684,-0.010899512206808334,-0.017794660670371523,0.03740698203214578
713257083,0.0022078549333159263,0.0009897777012057589,-0.0002828978237741933,0.05890763020837748,0.0048793618259758914,-0.0035835588320045192,0.0003706090966803589,-0.03101902121875594,-0.004224817044722844,0.0033843518639337803,-0.06825775763218977,-0.06393513942080047,-0.021543687961733535,-0.006528665155076984,-0.016276767296292047,-0.001391128119422523
714304458,0.0018214126251658292,0.0007743705043737575,0.000191658050177988,0.030112589909640775,0.0016591556264058333,-0.031240563452858177,0.006612366088205351,0.13204176707872634,0.005514865701580811,-0.02577813931487177,0.0516415924189851,-0.021173223251270676,-0.014590740667708818,0.06016361670553334,0.1047797881151827,-0.011056593234775342
719153433,0.002460469009380221,0.001560085374744172,0.0006034602581565938,-0.005079939316464086,-0.0006427511633128109,-0.0026461368121517654,-0.0025427825534519817,-0.023008483563345134,-0.0012731922197950069,-0.0020318429615242945,-0.01542082126811681,-0.07248290575741707,-0.018004869262624897,-0.007999427810969927,-0.0045685487727257544,-0.009670612500109551
712256358,-0.0006879490232338776,0.0005965318028339767,-0.0014570414025992585,0.03844085683180073,0.006078082937510348,-0.008560302006341754,0.002690327960685339,-0.04393192874069865,-0.00016386472918112697,0.04086230136114113,-0.051593372932798254,-0.13329088880815107,-0.023760082945900395,-0.013585502478062969,0.06302982158779086,-0.003193066512301401
710702733,0.0020251329456039825,0.001750018775894713,0.0004387088928701928,-0.008407742996161845,0.005091120032140789,0.0016877644668452,-0.0017141311044362828,0.074022069363302,-0.002118822459092968,0.0010617979632866325,-0.07859369378374505,-0.08122813387727518,-0.02571573728271758,0.010006065346001335,-0.044534796784235046,-0.014517918818008428
779612808,-0.008615559377055803,-0.0030706186938597416,0.0004254120274440178,-0.027862835481096637,-0.00042290201885662314,0.007800280648035514,-0.0019337864121082645,-0.040978122274180094,0.0188458390389064,-0.002698889843502762,-0.05864530209150339,0.08355045634384148,-0.009434071169606609,-0.0005757836928520472,-0.03316080079178653,-0.017892250452181502
710856558,0.0024404330048681602,-0.0005078228668811423,0.0011588697861987167,0.047015035979257686,0.005241961832721985,-0.004586010122055278,-0.002827421609477806,-0.0343079305689286,-0.004023720504546258,-0.005837402856338509,-0.05526248563049013,-0.14075441314132905,-0.005488187704822479,-0.008749992338015617,0.059198015641649115,-0.006790561554872434
716987358,-0.004203073022367111,-0.0022696987984487382,0.011722518653030284,0.054021855581125246,-0.039522067720761014,0.008839806815794791,0.006981723165557974,0.11912661526498008,0.011521372305014656,0.02070993428668281,0.060733188746987896,0.11488887772782205,-0.013065758536927,0.05469521526531227,0.15703302465818875,0.04946938321949624
769053033,0.01144142627963591,-0.0012881792957479454,0.0037792088376351583,-0.02600769261642594,-0.0022586127378818686,0.009025952652120244,0.0076612024847235735,0.048012651404721496,0.007747395299017259,-0.011651007511521426,0.03895874583371792,0.1494248122713887,-0.08157658838184799,-0.018292934622162745,-0.013397886355643134,0.10722876269409806
713352183,-0.012493236507697951,-0.002087468108658963,0.0003076823828255372,-0.027193568767532632,-0.017232685805354416,-0.0034439544688229496,-0.005307177356681288,-0.058288851866105,-0.0018030681365818937,-0.003719099221957189,-0.030504946584907863,0.07188760888074242,-0.022467500140471556,-0.021134404111349092,0.0020015343714848612,-0.021491386100882238
712557708,-0.009124692439717703,-0.0026851862389591905,0.001478165966057974,-0.015368788721884229,-0.0006898725382924303,-0.0022462270864523327,-0.0024437037596420777,-0.03486945949247703,-0.0013322102174646985,-0.005950350176102694,0.026094855068153087,-0.007911114183442335,-0.024489320365997068,-0.012217457675697303,-0.03535215365923367,-0.013974117131909543
714608583,0.001330933554652796,0.0002392104972047423,0.0015330929226255348,0.042271648730982686,0.015943998271205805,-0.008324473215710953,0.010710331486967546,0.13543386894166007,0.015040580493208023,0.0027377488515107915,0.14160893048197684,0.10033946616572002,-0.02156164023256918,0.04744371236710025,0.2341084304727602,0.006332368827483396
779803008,0.00063715782911596,-0.0013662926253305702,-0.0009191881284070722,0.03662910365140554,0.0011823816886482531,-0.009910647901951309,-0.002235218665853919,0.08116414194223415,-0.00213557452943009,-0.02107688301807362,-0.07783027201995242,-0.17370728098203886,-0.026661728069813505,0.013814709198133006,0.07681794385857948,-0.010706207102548925
712927383,0.0012821298754364446,0.000995746151094677,0.006183482500817311,-0.009538022199540032,0.016386805688395803,0.0024171236330999954,0.058312646901562314,-0.03520037481903535,-0.008989576387476461,0.06533297376016002,0.01570480349158017,0.10095905179963834,0.1364272894916513,-0.03806346459756237,-0.050586002262041505,0.020595341620744955
772323033,0.002254432578554797,0.0022047354197083846,0.00020120005756509883,-0.0032874731024042725,-0.0008669922366707865,-0.002366842556305731,-0.001028226484684321,-0.03131858910998347,-0.00013168307793630965,-0.0017757599767754275,-0.025043352573615348,-0.05971714974554793,-0.017594845710784995,-0.008760449484197663,-0.006474880985129686,-0.007042422331520391
817245183,0.0051565489430252555,-0.0007575980073559346,0.000548863098830768,-0.020986322521852015,-0.0031360162835596915,-0.002793557944963602,-0.005229718114756806,-0.05558185323552689,-0.0037467365910544503,-0.025068922779325892,-0.008085769491826005,0.07799106882545381,-0.03276122700257716,-0.017248961534781594,-0.006626599931210186,-0.021310385637136213
816756783,0.0016354226685118944,0.00016461226746692598,0.0007784459698316822,-0.004118261086042329,0.00022512327084335285,0.0005069143794581834,-0.002289989086453675,-0.025914163516804062,-0.0034848440830230923,-0.002484531853218212,-0.022241671235729493,-0.07626727504495541,0.006443339543169777,-0.006645420483660456,-0.015482532139599452,-0.008240135556189673
719661558,0.002956555151847188,-0.0006573860437063156,-0.0009312780089058785,-0.023179952614394102,0.004863823694067361,0.0017014500350151294,-0.006202146560798586,-0.05113877956212679,-0.0018447607129879965,-0.01254273320584649,-0.041761745034305575,0.05716444023472334,-0.03826477039680648,-0.013775883952470697,-0.017840710526601605,-0.019294421816430377
756065433,-0.08407272147324424,-0.022203489844902505,-0.05246842606548116,-0.026126711441462065,0.0004015486498093219,-0.0017654869129034817,-0.003465830147242262,-0.06565913309392665,-0.0012221083102270322,0.005743445305871561,0.08370176976559394,0.10832996414037188,0.14089553075689906,-0.013372393843594262,0.03438147226345508,-0.03351239573541317
717076458,0.0010332681077542321,0.0007334658764777594,-0.00030612909369788613,0.05085727110146799,0.004219096042978868,-0.005223490424111345,0.00019902597988301186,-0.033592517668232645,0.0011421525633378965,-0.010272514252267351,-0.0605117399741602,-0.12785946406718599,-0.024517106463218453,-0.012953271262199457,0.0625521392558193,-0.0012484850423740814
719400108,0.0026094470912255887,0.0002950090607939063,0.0009175929142357072,-0.005738222015248557,0.004215656788275314,0.007265483678098842,0.001601502270578094,-0.035108999240950595,0.0013036485840043873,-0.012754490368422064,-0.039874381150666535,-0.11496422275089484,-0.02403860167646965,-0.0022575308024219173,0.06493665412964707,-0.0007124013870677068
716263533,0.0016577813847961395,0.00332445108169981,-9.950114726642453e-05,-0.005015883197531207,-0.0011249056828900924,-0.0024591813418692356,-0.0036720472949011277,-0.029743334625896754,-0.0033431864818809845,0.0029359621027905576,-0.018721160453122478,-0.03063535051695816,-0.02188602236515657,-0.008306834068823694,-0.035565311904884,-0.008093774807834084
737925558,0.0007306954624177746,-0.008433540969083726,0.0020271509691424847,-0.013688923360946481,-0.002415729578599484,-0.0029919692095749088,-0.0038667028325454766,-0.09448267505685412,-0.003131795866963594,-0.006366114051790835,-0.0802064391748424,0.07951963200032051,0.09941032099323971,-0.03288492258183782,-0.049156505882727276,-0.024810780179082403
715941633,0.003177138170291668,-0.0029013251253414995,0.0007687799218188973,-0.002917201887195951,0.005381257874810099,0.0011692283939248112,0.007930134849147012,0.0763275455987505,-0.0027928014804059803,-0.005639335537025178,-0.10178795286559542,-0.12272023008610221,0.010006668084062066,0.01900113958051572,-0.029520706114898754,-0.002341749807594797
718140783,0.0036421829190675394,0.0019178142687608748,0.0006135000794625511,-0.0034536432634224316,0.012394036838546962,-0.002669920118001875,-0.00010891867702277267,-0.03302153099241586,0.0013656073272077871,-0.009443609126608904,-0.036518783981898874,-0.12136571860494244,-0.004576887299199056,-0.010225053287781147,0.08158630964449808,-0.006359875522169026
713236458,0.00034026762656588294,0.000239321204769953,0.004490621251190192,0.04008617537903917,-0.002114975949344428,0.002384760191326027,-0.0009286745702146107,0.0236944718908634,-0.0011499636935029354,-0.013873778331274565,-0.02840286617890775,-0.14469060438095763,-0.02352717354840769,-0.010877193212568964,0.0036291656981529857,0.030618813970208707
712025958,0.0015016373508799704,0.0008216872417202342,-0.0009254823116174321,0.04458313023467955,-0.000807135485635533,0.0009390105597454083,-0.0015842540268754422,-0.03977291323492606,-0.0011825403279574005,-0.007198375118243467,-0.06961107535949773,-0.15497972350647377,-0.02702434390349889,-0.009407743572037858,0.05757292820189088,0.04854911616034209
721282908,0.0008194272119277176,0.0018708953687043908,-0.0005498271901715578,-0.004543334049087081,-0.024890753506360247,-0.010012645162117613,0.007699616934983747,0.08058808746218628,0.0008513017834209448,-0.0067255294050200505,-0.08705258285694316,-0.03620689747390977,-0.027893072724273563,0.011877613351658394,-0.024673721802508996,-0.01412909948444063
778180158,0.0016119618774145452,0.0018879589493538992,0.0005600338647469609,-0.0074614269313252836,-0.013758764063015114,0.0033127946296019634,-0.0009443029729552865,-0.03185090509388629,0.00029790995645134034,0.018365213293379243,-0.03526366671750216,-0.04257293411723632,-0.014438722269368218,-0.011761774399471974,-0.02306908829649135,-0.005662587029423438
713755458,0.0034131040041016124,0.0009126183330275708,-0.0007503478827321719,0.013457028728909508,0.004070903465940051,0.013178554030430067,0.006722590750657553,-0.03496236003896028,0.008239625969936175,-0.01095484618016632,0.21502156903421896,0.17993536700311993,-0.005514312097570593,-0.012261603122426126,0.23324511150969127,-0.005310826637428223
767269908,-0.007013697061318099,-0.0018067539448205368,-0.0009598875416575252,-0.014217663865913614,0.006393055281930926,-0.004976899540394479,-0.0025660936104388906,0.08637817016450779,-0.0010500705040638772,-0.01284730758776078,-0.010698348441914985,-0.034769119590918024,-0.050191382696828664,0.008001383389474235,-0.05164381806991716,-0.01622431014413946
778231983,0.0022085674269130447,0.0016065840266211726,0.0009780900515065764,-0.006787101650800059,-0.0010464561866878324,0.001200171804778687,-0.0013093776580734458,-0.038618872967338395,0.0006484939719717035,-0.004893175405958025,-0.032501746952640895,-0.03320959489691792,-0.0199763002327289,-0.01298017996644155,-0.005014856051037264,-0.009719211299561208
793597833,0.002296042133769096,-0.0008959523076638904,0.003047336504914339,0.05298596012325312,0.0044266810093230215,-0.0034909891228661716,-0.002206811862151431,-0.034133910679050986,-0.00410358359896843,-0.0014504840621612483,-0.05947613394167197,-0.09071003626458224,0.0016844268527882163,-0.00848910965421574,-0.011760088234782917,-0.0018049795489942563
715518783,0.002360055823051965,0.0005917821987268094,0.00034826617464356856,0.04862556081766904,0.00442449753648985,-0.004521458296819859,-0.0013682762323508242,-0.03240266126534076,-0.003528232379826788,-0.009698855980720117,-0.05037831598387565,-0.12760568158740515,-0.02271823219244662,-0.008729167616485577,0.05252107826047255,-0.008668658595510931
714917583,0.0014085985072469476,-0.00037131126535287046,0.00012575860738425434,-0.008526628132833981,-0.012159575123211572,-0.0018881126262293233,-0.0011859072776560942,-0.027576712481967903,-0.00010950489144406673,-0.0034023984864511372,-0.030016692807660703,-0.01713083580141769,-0.015342077310519812,-0.008539474701606136,-0.025279419407145506,-0.010754006120862159
721424583,-0.0029156869564816354,-0.0007241940026149444,-0.0006905958978816186,-0.005908875916571051,-0.00029227452817745146,0.0008945284663449003,0.0012147035391670358,-0.024928101083628723,-0.002943990348797108,-0.0026232166057690736,-0.028231102534759984,-0.03723552745095508,-0.02648937258162558,-0.009043115755544878,-0.014077267716417154,-0.00675420994601549
820108008,0.0007768638314304999,-0.0004588342169612686,-0.0005411014256670044,0.043454408109526506,0.007987968700680314,0.006591773314555325,0.0023769111739565117,-0.038927166465389726,0.0009054511385751363,0.05906375655110455,-0.05512233736192197,-0.16143773612719733,-0.024810197253313675,-0.014849874838613232,0.06579792723209875,0.030777221650742318
779895108,-0.0016607502066246355,0.0032695279340665736,-0.0024322467131778483,-0.03251252020113189,-0.030220958989550416,0.005102852231722001,-0.007555199351400465,-0.07525880203802228,-0.006495526721105761,-0.00786445123480675,-0.03648309909897748,0.0728237594073086,0.06177748065957039,-0.02978881608316071,-0.02121392161149308,-0.02756896063627708
708382083,0.011026033503885787,0.009493486906210788,0.0005833136215574414,-0.029236336933352525,0.001626588249057647,-0.005456760560491977,0.0031777853562804785,0.1595773744552951,0.01376657902462921,-0.020119381707891827,0.11995757865363245,-0.06859158801611061,0.055605492299381644,0.03174161922937853,-0.050176107609094044,-0.023454134522254796
718489608,0.0029793703002104653,0.0017055338673751853,0.00044852458295757306,-0.004433958248870657,-0.00025626821305953516,-0.0022256282266451483,-0.0038520037753080813,-0.028255890907422546,-0.0024497997485718945,-0.003411840736428547,-0.02974220354933525,-0.051110713335743914,-0.014224517985724962,-0.005416351447539074,-0.012017183174687507,-0.008485368720934043
789469083,0.0035828630424083467,0.001037302008415694,-0.0016076161472572937,0.037973546662109545,-0.04022823938666288,-0.01969127023404429,0.004943192211109979,0.12986787670246414,0.009861060158201483,-0.004569360678523475,0.022110647890924543,-0.08664117758284347,-0.006386449106499523,0.059163699972774764,0.12621638794457785,-0.017602984999105765
713761608,0.0021446382717334638,0.0006249107634491096,-0.0007262663989357174,0.038290466745268266,0.005660540561422053,0.000554906011851808,-0.001206054478093829,-0.05418692599597788,-0.0015810138777975584,-0.01127439074946063,-0.03651082815050064,-0.14956781977782022,-0.015150416265122663,-0.020294089470356217,0.04942227774279486,0.035273987970039555
709104333,0.00664075796051572,0.00742280752851362,0.00029012173235363895,-0.016589779385861862,-0.0033725235542198732,0.003946858477744605,-0.005399732340523999,-0.0391247151079652,-0.0013033256719979006,-0.010078419489639475,0.036167173903236205,-0.03537349228434797,-0.025256196399406187,0.010640684538726752,-0.040644400160083416,-0.00895221430486741
799723908,0.0034747284891659376,0.0009695117587454237,0.001517708621144034,-0.024171135214770087,0.005390950733424064,0.0021866534234205983,-0.007042776787011577,-0.06417844958434585,-0.003499886315644039,-0.008163253845493743,-0.04141171258835598,0.06844872468833246,-0.03198646452946156,-0.019817117990835964,-0.016038883961779923,-0.017284039073404936
812446158,0.0020812908734358297,0.002484510050012441,-0.000629377616567564,0.04749848465634367,0.0006801348884541398,-0.005202822081459251,-0.010282314751350932,0.08766408579934305,-0.00758691281558025,-0.019090225387018635,-0.09438125400868533,-0.0987633501648716,0.04119061716620299,0.024014683333839045,0.010272185234047673,-0.0029202567180973142
780201633,0.005603023665425445,0.00540128850745366,-0.00040926618322506835,-0.02409333067266186,0.009666716096555365,-0.006259647941489894,-0.009761754510407887,-0.09276908435784487,-0.0017301534991978813,0.0051401402457730925,0.08639661013648346,0.08870981354583278,-0.028406938338009134,-0.029684988642092635,-0.05361484246106051,-0.020213662689039926
713656308,0.002170387119830796,-0.0030698358430837967,-0.00035067361558119444,-0.0034938079156951723,0.0074985075268545155,-0.0039838741177706674,0.009525726107829499,0.08098130212490671,-0.0021142026031476945,-0.005301500205934219,-0.09675311984169177,-0.1417723058923056,0.043429492516140686,0.01974458313399067,-0.019350496386209507,-0.013019592538973055
710749458,0.002427600901814284,-0.001831038409843976,0.0016103051443694292,-0.026326109993879195,-0.017143949581170475,0.0013227698396105797,-0.004678131493769228,-0.06109318729279139,-0.00171385043638097,-0.0025110249856955765,-0.04958782066344946,0.07188256730684392,-0.017572717300001768,-0.01923723888420076,-0.019767378819170043,-0.016529094652013267
708753633,0.0018496738896302933,0.0007036279825676675,-0.0005454464169811463,0.03883949760036796,-0.019450834770790095,-0.005935319439517919,0.00418405892283133,0.062102876083899895,-0.002723298914059593,-0.005703983729127787,-0.08822115741438934,-0.10811796294958553,-0.020830649785063264,0.01426239751197288,-0.019635644926581985,-0.011526132964902274
751283658,0.0017157877339440116,0.0017836658946144225,0.00024039497077465785,-0.005076993983408102,0.0037271824979312673,0.001027098003331074,0.00709876586065914,-0.02755768159947201,-0.0023362752770349636,-0.001971780849018491,-0.04189595033888368,-0.04498328877040918,-0.025563565231265455,-0.007306671318068462,-0.013707834011220919,-0.005941152902201265
714524583,0.001046689336520439,-0.0004037198202416846,0.0037279317154513794,0.04006754297057295,0.008656976520928115,0.0023283346653964515,0.0035214463860562878,-0.05478498473817406,0.009452894646280229,0.08402950052237533,0.06276176531868848,-0.08370608311852236,-0.005799058742831109,-0.020063371216412818,0.14388897940935275,0.04900304730102242
718394658,-0.015067435312258822,-0.0032528606431166053,-0.0036954123505853896,-0.010904218226043523,-0.014845192676704385,-0.003732090498037248,-0.0013407163071437896,-0.0021193736167970166,0.002621489458941808,-0.009148477344179128,0.05418889256686539,-0.019468413614440797,-0.020308421742829524,-0.01371947117427374,-0.03301423578901236,-0.013609028716779345
827476983,0.0013023232908693414,-0.0025406216211368775,-0.0019837377142042072,-0.008355507808645336,0.040326211440673526,-0.002339728274527716,-0.0020697522081432065,-0.10103662187502355,-0.003766666580729577,0.03612749923627711,-0.01654250472286767,0.1068962655514323,0.028750357225627094,-0.03600904064907734,-0.032531005868268986,-0.025309102075317006
809599158,0.005394344951421095,-0.002105987156529328,0.004898672042111773,0.1166252276763842,0.016255548890011965,0.010482750970871823,-0.0148856778667868,0.11032294886715444,-0.007515208534726524,-0.006605741565448167,0.04085037225130119,0.1890577154866,0.11342064245301045,0.0437284871980113,0.004162638012674554,0.1395617924010339
809849358,0.007519839233305384,0.00029392406723027786,0.0015997911130958718,0.06898723169719963,0.014694697989375961,0.004814281484607292,0.01291464860641491,0.11421351510701307,0.004467267205605408,0.0013411080598620983,0.15587289698680462,0.2299030959755548,0.09697588826812586,0.038129754588326355,0.024546765171094786,0.055310328459988414
715215108,0.002325607091467437,-0.0005244220300404985,0.0010945911758287075,-0.008149963663637154,0.0041788315515961984,0.0008304376886262744,-0.004968791983684378,-0.03771499240064945,-0.004990182693277139,0.001381634713959219,-0.029553257582836365,-0.05082205386752817,-0.007874904654545392,-0.012159616021910256,-0.0067533328634587384,-0.00704788377963847
710500983,0.014892753671432252,0.0005871976671208554,0.001965954340074459,0.19993084664310914,0.022868239402938927,0.010149767069419956,-0.0013048370604455653,-0.039772410096011845,0.0014663621061734283,0.06545036938031974,0.07159594435365148,0.234844720217067,-0.005498485258305737,-0.02053359388521538,-0.0023147190674156757,0.15136803564080373
806824908,0.002255946860309077,-0.0006226520363554894,0.001607164535953717,-0.00816491423691572,0.013486577834236919,0.0031699527198271525,0.00025588915323451663,-0.03260568012735719,-0.0012910115432831022,0.02303662827665308,-0.044976828044422955,-0.05788046839978871,-0.021276008817682133,-0.009339396659689367,-0.015738166481745523,0.0006680009806312719
788610258,-0.0003566635299417209,0.0019115623886465786,0.004907933390344797,-0.006349709412496594,-0.003989522395961378,0.00667089748484608,0.008657442342503065,0.04839280690005245,0.002766514745813701,0.0025862693946346813,-0.041249659282227756,-0.06932403969784662,-0.01400473220276198,-0.0025799234249283876,-0.029059968359507374,-0.0030608409942312073
719337408,0.00976339463701664,-0.0033145624248449453,0.0011845535327152765,-0.026179859390085825,-0.0021686679375307306,0.0001949491809855177,-0.0012070126263870875,0.15335514435381115,-0.0011300760231088916,-0.1091656667028005,0.12159025706041363,0.1478222681655323,-0.12731390256464273,0.024535788386187182,0.014994362760068646,-0.02370926972705643
721532583,0.005581509616640023,0.009651949840001013,-0.0016431751511046516,-0.026226016830097627,0.008206438427284276,0.004575108121915675,-0.012812608986085028,-0.07833627937863771,-0.004605472274960775,0.0005722700078367024,-0.010208100770210664,0.10525487344542346,-0.04619895038995924,-0.033749338670728574,0.0051561649103632696,-0.011855560126296686
719964933,0.0020624140196017346,0.0036535390176534385,0.0006036053380147864,-0.0022447280034144064,-0.0005962200036649179,-0.003217102069736391,0.006346592880919461,0.0702102739994408,-0.0009197205215017001,-0.004540387530263073,-0.08017187447534867,-0.09619977420272788,-0.03781868996385097,0.013826670586294844,-0.023426174735263736,-0.008316723655882043
718699683,0.009099718021802998,0.00392396793789024,0.0019476800418731677,-0.034100805906010515,-0.0031904463357880592,-0.00595457833651366,-0.011757067784992612,0.0982620898594785,0.013724331767845255,-0.0263084854337197,0.0065050581216994155,0.08523534840032906,-0.018259491481052603,0.004322466249431205,-0.04802445354071812,-0.035538710266362177
716506083,0.0029214823796150946,-0.0015396528496477114,0.0008805359782915888,-0.005490689528863577,0.011878231491964835,0.015440678825771685,0.006897282645447971,0.11486762535389554,0.012208532026650374,-0.010204808369753784,0.18359800099497461,0.1379428168613112,-0.030976578750504732,0.036173947962651734,0.24052924653091393,-0.004986061983559988
716107158,-0.020461034726126683,-0.00892095333480558,-0.04054069602155679,-0.023588160850779544,-0.061799690068993794,0.012939663311996835,0.0010817226020652516,0.1699271250184599,0.001605673411763129,-0.0038378832489326994,0.007485641864762811,0.18560566117316218,0.09059035817562923,-0.018045376550296116,0.010285381561852547,0.010273474711278614
773146383,0.0010465200361435647,-0.001857994979363415,0.0005679977745643826,-0.008177239352501676,-0.0060180007825885486,0.004759779048268441,-0.006046214335473529,0.03718353793630183,-0.0031470625416086997,-0.021007354925648335,-0.03661555386566161,0.05950538230516796,-0.08003499411505348,-0.012207175689901446,-0.00648092647005537,3.222859903700327e-06
711315783,0.006986046752717744,0.0010369887143285234,0.0038769541631419255,-0.025609911939014247,0.0416738287459809,-0.004016794404897505,-0.006160794887140494,-0.050053587751675524,-5.3782751872924775e-05,-0.020729351823091435,0.05848711218914752,0.0863726634891516,-0.06179582898592407,-0.01854206995305437,-0.026303557513923558,-0.020963832411220865
718026858,0.0024224997709504513,-0.0007044584570318238,0.0003447019523446599,-0.0036094959651875864,-0.0008637712788760828,-0.002015140123894083,-0.0027389429101645534,-0.027906394085499227,-0.0023812217688358337,-0.0017241366510915266,-0.016610674811673488,-0.05960671265431391,-0.028599661156065447,-0.006755632142278843,-0.0033168529814954183,-0.00668240605661563
717609633,0.0016269634745971024,0.0006434517743119381,-0.00214097955816215,-0.00616248140470446,-2.60036677175939e-05,-0.002273781631474449,-0.0005928142996368245,-0.040581342065374705,0.0002570283527952427,0.01638704783537435,-0.03207008813782973,0.0009199026602785467,-0.032121559024404854,-0.009509919518568055,-0.015089377935618856,-0.012681012840259773
756571983,0.002410247232322529,0.0004912740228952352,-0.000181372825643665,-0.0029821875615009914,-0.000737690287369554,0.0004786301006244935,-0.0003909290471008251,-0.027174045694698612,-0.003386375923345651,0.0010526292173428208,-0.015067721355563543,-0.05493894989607392,-0.02758284812813198,-0.00790336588098814,-0.016720750436575577,-0.008114842855920849
711000933,0.003445550168230982,-0.0006550587743193108,-0.0023595994230745073,-0.010667525579058031,-0.0005824339717063689,0.003481462279998597,-0.000949394716876603,-0.006352680244708404,-0.001973719772552659,-0.0063601151294410616,-0.046416987893089005,-0.0341562090649635,-0.01397836011046295,-0.011174813662269929,-0.0195832683991154,-0.005798478359652785
772661808,0.0014154786707638498,0.000730483274283412,0.0013582065903699455,0.05182353775066346,-0.0128122063124435,-0.002337936910076559,-0.0007411104680407006,-0.02833756309626556,0.0011786280153312514,-0.004270693566642755,-0.03837836219305433,-0.1013902225285569,-0.01704105273535252,-0.007097827162790112,-0.0038100309975633508,-0.0010376276503537164
788771733,0.0027928028323457783,0.002485028998629187,3.572077049200361e-05,-0.005936218465412746,0.003849410203024504,0.0011211220399661528,0.010433193269466698,-0.02244667295354792,-0.003140586957787667,5.7224828220694954e-05,-0.04671305290714087,-0.05686170417354324,-0.019138902350596513,-0.007936576603855699,-0.012264073894115442,-0.007085013955873162
711724083,-0.01273909388048676,-0.006726492811269572,0.0009457266201181642,-0.021969742016353842,-0.0211194177998264,0.004902542563882651,0.020619934718211747,-0.05596934893068251,0.018581508665669856,0.013557459242656946,-0.010722791182790082,0.08632666255323886,-0.01332906004713662,-0.010418806576613957,-0.029353544154184123,-0.01988939183971772
794682483,0.0034687759199002115,0.0011787323491725752,-0.0005536095090146641,-0.010521226130469236,0.004652846784631244,0.0005718200268230005,-0.0010769627151521887,-0.04063544860983803,0.0001788947574890617,-0.0023882039167529797,-0.022007485952565343,-0.041635737779397115,0.01304067934189872,-0.014869825771060817,-0.031951175274034335,-0.00986703950802469
710770383,0.0010288874771726543,-0.000652204758908105,0.0011627556222003658,-0.0050398844593414534,0.004909967765889287,-0.0022077144323419907,0.010122004250653705,0.039376396560803516,-0.0022460431104034846,-0.0022740912282099373,-0.039137704762429455,-0.10008130409625507,-0.026382403987464578,-0.0021751327818648157,-0.011038230009559861,-0.010335819591891478
817382958,0.002570202807943502,0.0007256439840300432,-0.0006678306262155614,-0.005346583362377607,-0.015379187165016175,0.0015029837521442473,-0.001879184434051485,0.06789880635478604,-0.0018921210966747419,-0.001698194283484347,-0.05560219126892288,-0.09843016241368426,-0.03631648954256478,0.0120076478294814,-0.017815349851034102,-0.010426290004087246
717405408,-0.0044948399132998616,-0.0006966899370157214,-0.0011241758803624483,-0.00400476412916464,-0.0007338104701501221,-0.003796477609442454,-0.0006347608257148921,-0.028675077195094396,-0.0020040131574186144,-0.003402082834858748,-0.015123276465913283,-0.04322858093199116,-0.020547255435241357,-0.006833353609716363,-0.012860111631392451,-0.011255695959618128
778567983,0.0018303152850125005,-0.0005822465109636911,0.0006450778430632491,-0.008526848824533658,-0.01585695692799407,0.0014964335396923467,0.002467733102819914,0.06759585441576614,-0.003244115808108402,-0.0015101052929668238,-0.06568001153563459,-0.07265212254099478,-0.03674299936323721,0.014297494125192682,-0.03380569470697921,-0.008257883897640645
715572783,0.00235033807271471,0.0009880570241387662,-0.0007677477153529647,-0.00541285296026648,-0.017549946429107066,-0.0033012103490042102,-0.0003365107003092594,0.06880930054030725,-0.0004652087849858642,-0.0032627220060819037,-0.04936695807334292,-0.10923250095197297,-0.017736681712548417,0.009219836986683489,-0.0212432242511718,-0.01344026800942869
717050883,0.002303980356407142,-0.0007484108092375762,0.0007969012456500826,-0.00553989085977085,-0.0006454089892326309,-0.0023604105267645047,-0.0031717521829896533,-0.030290031500986508,-0.0025678817132692906,0.0015559309438402053,-0.03107086590035018,-0.05266591397573609,-0.009601852882564417,-0.007447831857502735,-0.010760968784687854,-0.008533891882533487
719125158,-0.010106248366987813,-0.0016086759223046245,-0.002549399845556764,-0.013586809133334394,-0.0018681276657192567,-0.0025290027617010905,-0.005521124317445104,-0.04838801812141272,-0.004989768282610739,-0.00596121541158464,0.039239865410108876,-0.04314176877498364,0.011934112825584077,-0.014708616406180828,-0.04126105312598911,-0.015702449419610073
804428958,0.0032601603224359094,-0.0012624495971004898,0.0006076794042802178,-0.0033157119128298827,-0.00014822961507104178,-0.004359598326767857,0.00468082487415587,0.07025002476535705,-0.0014702823812379681,-0.0048168034215769475,-0.07412972388990528,-0.09030802611833222,-0.037387078055541485,0.012470816609368444,-0.021511034612794928,-0.011086645141945876
710005683,0.0022467802214109164,-0.0006591945267197905,0.0012316173644341276,-0.007545069431996413,0.00397652789026266,0.009243915269030067,-0.0017779214340598705,-0.04057188798292811,0.00011648822311957742,-0.011161950928289349,-0.04088152208377286,-0.1307737421001719,-0.024649939582616742,-0.014936064676017423,0.060320249506820786,0.03507341495176635
780253533,0.0014868111855559096,-0.0011763328404819009,0.0019399310209561448,-0.023861937576428773,0.005177750552859557,-0.005554768961771285,-0.0011442518996156775,-0.04998009015490167,-0.003039775500565195,-0.011365519567177417,-0.04188739522636312,0.05614072474723347,-0.03975671197553068,-0.014897124646624873,-0.005134539384551297,-0.024361735758988055
711252258,0.003526438136717127,-0.0011887040114576387,-0.006682989220495274,0.11456598272931375,0.010892829773560741,-0.0034300652577966668,0.0053419612635049645,-0.03336150864643243,-0.008675959783372865,-0.007680707762973969,-0.09035126500730213,0.16739652553991596,-0.06905183526329625,-0.016019922380324028,-0.006797433861414685,0.08878422744799834
751518633,0.009827108951713768,0.013792704321203539,0.004337163611080171,-0.021585627358970762,0.018692430170710213,-0.004808269595827372,-0.010230774596778786,0.08025475270902623,-0.014900754858206395,0.03834674937948235,0.14526540865830878,0.13058475989833504,-0.05624582468865193,-0.019493929321876963,-0.020083746456355626,-0.02294489458736334
756598833,-0.0015963615766599111,-9.634374842124907e-05,-0.0007286731285729699,-0.0020909817340824467,0.003743443159886302,0.0014083512447434154,-0.0019964392621911564,-0.0331366361526041,0.0034629052317987556,-0.007654988140210294,0.0036263916895907175,-0.056429196690268336,-0.024345298582446585,-0.012702919060686123,-0.0095685784505808,-0.00797630745235679
779598183,0.002587190887256213,6.77001283579505e-05,0.002465501482083312,-0.019902808134859475,-0.041091519296708595,0.00042036047167747203,-0.007992373399163824,-0.06035700957870517,-0.007475343325449762,-0.003552907978041092,-0.010079466587388633,0.0810022115887066,0.04058674632564963,-0.022500431374466816,-0.0006263686487142599,-0.01652200410218334
770817783,0.003888180470709807,0.0024052098403774475,0.0022452036979770675,-0.009397874769783314,-0.004126188185047993,-0.006672387405549459,-0.006799336843676016,-0.08244265628387847,-0.0071327689076524075,-0.0035630647548829664,0.030670126026664607,0.10641100994379532,0.057692018851499854,-0.02316668833901335,-0.01860427027770956,-0.025297669526416273
712835433,0.0015588407896091033,0.0010841993595518476,0.0005856585953887657,-0.006296910570580471,0.004991124696711441,0.0016976735764235402,0.004383096327084907,0.07240218097618727,-0.0016657345219536358,-0.004857796161009446,-0.07905276556520814,-0.09512554292854425,-0.037315246719193104,0.012557512869747671,-0.02641385102740155,-0.009280739016542782
715076358,0.00022224704563796524,-0.002221318433889149,0.0022952494330873534,-0.005557820253342667,0.012878477336271536,0.010277529306765943,0.00989632520460819,0.11709938006091448,0.011458553333017882,0.04219409176070662,0.20344148552515268,0.1348185521073368,-0.022904264972895282,0.03830881249977002,0.25476099698053745,-0.0030499295867410505
714616308,0.0019506455508463913,0.0013544207291822507,0.0009615375795324363,-0.0057491051272058075,0.011207757294685927,-0.0041381645626340485,-0.0016897974469928744,-0.03148540060161131,0.0008617926969705565,-0.0007498743609191196,-0.04024108163594137,-0.04102800063160243,-0.01616929022534747,-0.008104705492996297,-0.014709583061520693,-0.013019450024173885
709219533,0.0018021111615683396,0.0012925558153794384,0.00039531342005005263,-0.017201734222514035,-0.02065065116460969,-0.006106427671588418,-0.0035168924733460284,-0.06847998258749032,-0.0006460079218916934,0.00574554356712847,-0.042719217564171075,0.07219194511863035,-0.0013355694786473789,-0.02652770932799611,-0.024262372137588036,-0.026284759408197488
785119833,-0.0017701704719037667,0.000544905207490363,0.002015221755928655,-0.013714837665551077,0.010037601593217134,-0.002319553371196337,-0.004176179588989557,-0.06544955267712818,-0.004728438145579382,-0.0020149943827823496,-0.013042676532932177,0.08696318667157454,-0.03027562720958399,-0.02547609343423282,-0.006850432539687028,0.0018426748049615736
714011358,-0.009711635679480923,0.0033596935081559283,-0.002947092992997722,-0.01795448401734075,-0.032932064122239924,0.005486125568622034,-0.019350514352279927,0.11874612100012646,-0.013019341673227556,-0.0020664871296347718,0.061822449506717544,-0.04520154230157833,-0.006763173496580827,0.016951161731435772,-0.026295631280853174,-0.02020521692190484
714643983,0.001777466775010047,-0.0007035659705013738,0.00011114474253047431,-0.005358734449826198,0.0037774070130705195,0.001092209960444162,-0.004080120739555778,-0.028166893960814066,-0.0036542025020221557,-0.0014298920400735982,-0.034706678214745164,-0.034052136080244017,-0.023348353848648525,-0.006459126451179975,-0.017784781786285064,-0.007762041766887437
713036208,0.0007611000455941979,3.261779885186542e-05,-0.0018308566827617459,0.04377332861661853,-0.0015050792494018792,-0.003958164589524361,-0.0003408458583063932,-0.036820523694287746,0.0009485809077858168,0.004013794600421259,-0.05145400174513757,-0.12585995159262386,-0.022545118276376175,-0.011886812096818392,0.06908631062144743,-0.0020515670140993526
718528008,0.0023723247371958195,-0.0005925927755651157,0.0017516174314346237,0.04735331551314073,0.00455482045629166,-0.004783303651091278,-0.000835618375081923,-0.03472689956137595,-0.0030198487337942375,-0.007484586004547668,-0.05122795893059425,-0.12410285102657265,-0.02976524720768181,-0.010788128173897734,0.05905126402681103,-0.00850460704439998
818926833,-0.013108755318176539,0.0028113220369917497,-0.0014193866889301576,-0.0337503962848171,-0.06510098179637244,-0.0058740680187010785,0.013619980100774965,0.15808932214294047,0.00793373566781991,-0.028209489065565214,0.008622535707986009,0.13038989916439608,-0.044901534502532085,0.01941169626532407,-0.029816401528619772,-0.031112443868915325
709701558,0.0013992596890704592,0.005545103556170503,-0.0012554709191628735,0.1891502744545615,-0.02155763535471821,-0.009097787205945,-0.007592180123122245,-0.05976804462214269,-0.009506149793951632,-0.01260283977671542,0.016348624891587442,0.106394014049352,-0.05897679932116652,-0.014380129325747037,-0.012991644055216125,-0.012968006573693527
710982858,-0.0026874538164809976,0.002622102233895736,-0.00011892096706307448,-0.012862583963073862,-0.011852188249748855,-0.002797440535287542,-0.0019957842690923227,-0.027803677923633575,-2.78127516991018e-05,-0.004459920543545774,0.010895151432564447,-0.011292814775114778,-0.022014094510965698,-0.010059646731191824,-0.03750555842219301,-0.013232099971542033
715783758,0.0027683012684534877,0.0044151338817610825,-0.0009254690822619261,-0.026126749441068943,0.007619474563483384,0.0030906750754522167,-0.007389017089539104,-0.06971601006229405,0.001956927344936137,0.005115717159334147,-0.052348299515651,0.08642389164246948,-0.0022365284957763425,-0.02385235723825202,-0.033397852907962905,-0.02059058086725527
793550958,0.011357072309162303,-0.002789958540093809,0.00823601785115337,-0.037569990033122606,0.023187511922561854,0.004105192442280239,0.03114037654418413,0.14911135317885874,0.01936922700599693,-0.029905296422066963,-0.02742491831739268,0.12072573359238549,-0.052216096977006486,0.01107801386305757,-0.04337474355718716,-0.01916668307138878
768687183,0.006963270850479476,-0.0031864312995293913,0.00602311376642546,-0.015754311098679336,-0.032673225246871454,-0.0016437278206204214,-0.006454490146399385,-0.06338112650601585,-0.003745471391410669,-0.005284878084861174,0.040240982821010726,0.0862591086634348,-0.027891725760981242,-0.021938380859472095,0.009342750118152925,0.008836560135928085
715694433,0.002415835895529826,-0.0008449706897289786,-0.0009708794602064678,0.04836572992152301,0.003998477821481896,0.0015825920235367247,0.0002616571405637255,-0.03391090969205466,-0.002011441534609504,-0.009156415357370204,-0.06860213508990165,-0.15606443472543705,-0.025673420592117982,-0.012397398468641747,0.05633099290450123,0.0359284205832035
769577358,-0.006139065682553624,-0.0015807752313676013,0.00026565878086191885,-0.005699102466055562,-0.0010207651129302115,0.0007850778077554741,-0.0020723392082214686,-0.02972420576101412,-0.00202410261618438,-0.002367071706445741,-0.012557841031375873,-0.05705221832490616,-0.012043234309528812,-0.005707378810152931,-0.015117090046383053,-0.006471623379003547
711008508,0.0038717704254961974,-0.0008749846838602756,0.0020232142261080903,0.040033574137201225,-0.01970291292497985,-0.007533380024949921,0.0015206687474760216,0.0775355741305509,0.0007177286136184549,-0.008654821788045384,-0.07448857040423028,-0.17878303032130852,-0.02801878292786743,0.019905360390251602,0.07524044313980449,-0.0029845944994393316
720449208,-0.0007550547495702994,-0.0005597147645404184,0.00901252375248998,-0.006817696793646404,-0.008003748744971945,0.005701821808262286,-0.006152769470793503,-0.03235302480565648,-0.0028044019701703804,-0.005215716864609446,-0.02857590240860051,-0.019816835738406955,-0.011589210174918738,-0.006949491641134413,0.0029181702071289306,-0.007120580293922932
712084383,0.003086867104895525,-0.0005979410001587396,0.002570791032397765,-0.006869208099839874,-0.0012655732991711053,-0.0022073990628218862,-0.0011091488966879154,-0.029772178024462297,0.0006482321753505391,0.0027307797623483624,-0.018181800485409867,-0.044653933027057585,-0.02665553416359943,-0.00840236821700675,-0.020533768335688825,-0.009536116782815976
713709258,0.0021299041174150466,0.0007407456998227238,-0.00014320857214080715,-0.0038096769351006325,0.003596737165205308,-0.002535847895472545,-0.0015070821747790414,-0.02969211464589696,-0.0028152756986018906,-0.0015287331811132058,-0.015990653345204685,-0.06912089068405879,-0.016308591286065006,-0.006993484398062113,-0.009709043034308178,-0.0070610844513672045
717915783,0.019726379627284775,-0.008896138780674894,0.015720791016628387,-0.021789451890904095,-0.07802611334090312,0.00064784023711191,-0.002517210727556127,-0.07523514062674076,0.003866345845419976,0.01373899906004059,0.1639956251724167,0.1772461908305814,0.10735378881590692,-0.027387226332387517,0.07381841136096047,-0.017344722920247073
708757233,0.001794213603337376,-0.0006118774731945272,-0.00019473436474019286,-0.006032593748018727,-0.0007667901930654928,0.0006264228198033105,-0.003337374891047416,-0.029281147397537143,-0.0021781086893969456,-0.004647525181305402,-0.01601952026502104,-0.04088848785206992,-0.024364931630100384,-0.007914978229840277,-0.02051554478574944,-0.0064153210417817646
788802483,0.002551790633570283,0.001058938507962793,-0.0009268916128057984,0.04943326553166062,-0.0006987276220448335,0.0011099192892090942,-0.0022628138832137324,-0.029671270718408433,-0.002547322807566656,-0.004027215841531406,-0.05734273191618614,-0.12795877602865247,-0.011221875454639872,-0.008254651177703402,-0.006468848255124761,0.03647891203574629
710888883,-0.0036497332619929873,0.0007989796812614355,-7.481280705244805e-05,-0.003416692783118021,0.008543371359620881,-0.0024870995479232137,0.010317376880864081,-0.011318175244348583,-0.0033317505117700474,-0.0035135598886743232,-0.027800384939101582,-0.07926059055013367,-0.021951385645897884,-0.007430924222169116,-0.007561157139497301,-0.008611760699794933
719570733,0.002118563325543009,-0.0003865850506048462,0.00031745857133046233,-0.004445744519002144,-0.00030382735147056175,0.0006730326117237407,0.011999701428899388,-0.026926644365536215,-0.0015886909160421846,0.0014936560980251341,-0.024162025039223958,-0.07806054419584615,-0.018511838898063394,-0.008444846849996893,-0.014913909478624471,0.0003939453091610215
753795633,0.012108318594300675,0.00011204829629361475,0.010286529393513932,-0.020351172894493404,0.02131344965344819,-0.006506574275766401,-0.01068767033602739,-0.00020343463222692763,-2.569493156057324e-05,0.024238110549750686,0.18716596297506052,0.17813503107419104,-0.09103102080902281,-0.009203175258023154,0.03946854178932025,-0.018758024698961574
772063308,0.0019587313542724838,-0.0006529227935391945,0.0007877004124666907,-0.00611326638201979,-0.015820545374984302,-0.004400326242319094,-0.0012768454473668332,0.06790351001753105,-0.0017877351194809776,-0.006210970642168611,-0.05413473477969919,-0.07729471070195586,-0.027572742727471483,0.009681985091050956,-0.027960043688019416,-0.015633160073802516
720236433,0.0009754508976191627,6.873576987308107e-05,0.0027936738548711877,0.05436830364545793,-0.0003676479452894738,0.0006812555365589776,0.00012917587284312372,-0.0367521923106958,0.001204574071903882,-0.006437068544903429,-0.08615405432369867,-0.06374105061392724,-0.028677785461416326,-0.010534420419547169,-0.0304915006427754,0.05996402907117535
709372608,0.0004061702579493928,0.0007057975808849214,-0.0028083502693361287,0.03598404376093388,-0.01662513901022687,-0.0033785225973763915,-0.0016531121909580209,0.021981480407303768,0.000534179420116523,-0.017146387652127917,-0.03785778198429886,-0.1373657081252623,-0.01758146560391759,-0.013379944426902005,0.005112021630388115,0.043435530594212
718286658,0.0012480750444392036,0.0004027626474776514,-0.0007091820868808612,-0.007062137399494307,0.003646894414287776,-0.0029467202295099886,-0.0010523796461831866,-0.029109855638704503,-0.00028186424664103344,0.01463008777299579,-0.024590861697518555,-0.04264844749811825,-0.023924495139653463,-0.004320180649116759,-0.02846514081623985,-0.011120409706423065
811721133,0.0038267156662177503,-0.0024905691851096006,0.003892387586772231,-0.02704788519003953,0.007189769731252738,0.002508502098242198,-0.0034943978969115917,-0.07603677603384083,-0.0025846774386983013,-0.011236424259960614,0.007356026973324303,0.06616248553542009,-0.008663878771129709,-0.029978973306816654,-0.03712200060417569,-0.01913971533538588
713061558,0.0014911423473477738,-0.00018216979802251576,-0.0023147194395500047,-0.012221622671191458,-0.013808914219583308,-0.005784548775935394,-0.0035676063970381845,-0.05363846804266166,-0.0011924958157151255,-0.006311318481284591,0.012806542213230314,0.06929253979003867,-0.04849976929450901,-0.016539471313545134,-0.012161723009336172,-0.017226807523083077
708129933,0.0021187208600277406,0.0015079477032207513,-0.00018024051311415118,-0.007832016968760036,0.0036363256811181802,-0.00246313831823282,-0.0031049140644655395,-0.03218059073223559,-0.0034237865871094898,-0.0005878193898853379,-0.035445648455330325,-0.01555338755950284,-0.030821112232496898,-0.007607626259007717,-0.018664755354020998,-0.010146257129933018
716516208,0.002071575109373092,0.0019048463632218193,-0.0005452266095166358,-0.007664871840666022,-9.93298798191937e-05,0.0019535002173209975,0.006978728750521578,0.0713626742245746,0.0005747617952290964,-0.006321206144787234,-0.09731546333229489,-0.06592728705045889,-0.04001806199237119,0.012969005463371652,-0.029059505521791193,-0.009390216649414598
789942033,0.015484934968504128,0.003714024639604019,0.006561986674738814,-0.01538946910377865,0.018314709510899575,0.005584691697596516,-0.0038923725296038203,0.18110818538986165,-0.0014038592403332864,-0.0051877619616223095,0.14528001714730077,0.21740825844555023,0.1574190284053525,0.05730221868449561,0.030060322760524838,-0.017002103697705308
711809283,-0.028968952841766787,-0.006751515993285789,0.0023071355238837915,-0.011706154235885988,0.01057546876009006,0.00466421778082638,0.025899459831308265,-0.07219938033645219,0.015606049805726475,-0.09311855331496532,0.08800172545158404,0.12462211876083654,-0.031121519304958295,-0.008548355386959364,0.023393707878297233,0.00035815306389694833
718540308,0.0013760339283219935,-0.0005125838517303094,6.986112408193625e-05,-0.008470821876899787,0.0039623541150678315,-0.005442242244674971,-0.001570198819496567,-0.02416592003130652,-0.0015451256868192448,-0.0026597817294436773,-0.040711497362909216,-0.026632877518953085,-0.01851782226142137,-0.002096127959984355,-0.017594606961340103,-0.01623694218222041
779883933,0.0008178408390178994,0.0038053621888912356,0.0014823755316679577,-0.013742596232808754,0.004316383029223759,-0.00367303440409356,-0.0066098815570163495,-0.06763178499610553,0.0013167760339312482,-0.008995937604528418,-0.03805850606841508,0.07567246994318948,-0.03394076218327913,-0.01988145417814996,-0.015631844930233254,-0.01766037139768636
709343433,-0.0009004686295947405,-0.0006374315539254938,-0.001581232157079757,-0.005342913206054816,0.0032733550765822995,0.0010581616826267118,-0.00334588363320936,-0.03073166240029401,-0.003002420054005494,-0.0020397636715289535,-0.02232812449605463,-0.048719614362225785,-0.016753626140792652,-0.00746810021003106,-0.01444441073182843,-0.007784164832312012
770778108,0.0020016563005031025,0.0017580154276344209,-0.0002393115098258165,-0.0066400804421424845,-0.0007591126071470928,0.0008985529072928368,-0.003949966645106302,-0.029451812438345625,-0.002218841979328895,-0.004177777973531565,-0.028049162822976866,-0.026666653714091028,-0.026419737567449735,-0.008181059667319763,-0.02179608264508277,-0.006856923942809968
719804208,-0.0024824443920825143,-0.000726246647419392,-0.0007634338935835899,-0.0253121590527458,-0.01847078546487428,0.0019566282785774586,-0.004426989164419271,-0.06768950854405928,0.0016243483717770155,0.011699552575876087,0.002199979413128134,0.06989841050840385,-0.01524253554880398,-0.019484289607691264,-0.027474215617714716,-0.019276832756318578
717823383,0.0012795375845121044,0.0008301205303825355,0.0011401378770328995,0.049882849259636534,-0.01278093489648157,0.0007530936352869845,-0.0018960243228972238,-0.028159983580796785,-0.0023305280372349323,-0.004601243861276134,-0.0639719712492235,-0.10916829048164714,-0.024280360680776217,-0.00870401419834732,-0.010214915334654837,0.05147422843675644
789023508,0.0021076793996447616,0.0004827700818475436,-0.0006671099580075525,-0.0051187494480506475,-0.01422389582661319,0.001187666500680286,0.0005022479163923375,-0.03387776738581969,0.0004926500952955195,-0.011009651213084453,-0.03333408471048818,-0.10647888211159341,-0.014484454816965218,-0.002326445909880373,0.061874851499167896,-0.005875123432253677
713876958,-0.0038356579550467384,-0.0009571366142255405,7.499228483908057e-05,-0.0038418225869869993,0.00013162306169365893,0.0034678996284601103,-0.0019579690899683855,-0.022568743323335413,-0.0004106820095761832,-0.004439181478862626,-0.024638667973781735,-0.048936427451681745,-0.017874253739463546,-0.008637668311690347,-0.0148361667223791,-0.008155103704389195
779305008,0.0021931192753761944,0.002592949031853826,-0.002150928128782406,-0.002965929224735885,-0.0003592570908965093,-0.002129393475891128,-0.003735676483620923,-0.03154475673717971,-0.0036709471329001565,-0.004404142145113651,-0.02370928402424109,-0.07140995240037565,-0.0021783505936523767,-0.0075685774953063644,-0.0026744188874200507,-0.007032753806842327
749067633,0.0030315766790400497,-0.0002575490101031877,0.0006539719857902039,-0.004322066494263716,6.5316495363451435e-06,0.00042202762424799363,0.0012377473782046295,0.08678212719482363,0.0010212258493952863,-0.006466879061302595,-0.09350833729208688,-0.13774711543247437,0.025047720302307258,0.022283203978445014,-0.03249490784285425,-0.0014375768284329534
789804933,-0.007270929816936672,-0.0011839422913007944,0.0006045510976077203,-0.014715659894797195,-0.009532767369976311,-0.002528706397739624,-0.0015060738130295971,-0.03918855979518136,-0.002628695014156702,0.0015458297835040892,0.013990101222901287,-0.011793459529713815,-0.023262558043504602,-0.009996741745177284,-0.03693231595176647,-0.013015038427127396
719022558,0.0010340752518706038,0.0004894517801392226,3.1560485579882106e-05,0.049115319588518835,0.004097169686466027,0.001070152097508789,-0.004567568720807507,-0.028724571178397326,-0.004937663700324703,-0.005530116137416424,-0.06644857267502598,-0.11310820275888182,-0.023246060838218077,-0.010269470660981007,-0.011702566359626609,0.051948764819868556
709220583,-0.018211398862825693,0.004751219662831673,-0.016597392083690425,-0.023603432425895885,0.02165576455286984,-0.004071262356022104,-0.010413109993833356,0.12147455210700073,-0.0056458850544154945,-0.020290944407994373,0.08027579487480666,-0.012392899651582611,-0.00011652744055892824,0.005391624764492979,-0.07479057308109491,-0.030322560082545955
712112733,-0.008156730172778417,-0.0005896074960838159,-0.0006475679338436554,-0.012774327135719138,-0.0016912032916864212,-0.0013195055750186116,-0.0035035934562828532,-0.043606337027107915,-0.003415377631554172,-0.005759544541791654,0.03118708913685834,-0.014621954730268125,-0.023972926546140878,-0.01048137885536966,-0.037795011837122174,-0.012822544448040764
716512383,-0.0011567014116371263,-0.00042463667714659313,-0.00044684669686351794,0.047924984341841885,0.004343657536089296,-0.0023347224521484636,-0.007038609671069431,0.015862679896035136,-0.002233177511321331,-0.006054052996128394,-0.050345468938192604,-0.10875304304139419,-0.029580797015357634,-0.0030821394369484213,-0.009162258434713886,-0.0004893890329949112
778708533,-0.011116688445525668,-0.007284535828062454,-0.005898705314239842,0.12246778712321241,0.00034368704612362523,0.011070985437402757,-0.001800305885077604,-0.03421780998387924,0.003824847876306982,0.055937921663797754,0.16307763944389359,0.18389402088534834,0.11665963708220439,-0.012440867188179147,-0.01748983720041783,0.11433503507847194
717661908,-0.019102441251682367,0.010274300973572141,0.0026446708415767133,-0.02326069765500087,-0.04825926615253351,-0.010225794414864459,-0.026831171611363527,0.11608064242637556,-0.001156714406846802,0.0009063101556121097,0.11049397898176025,0.023836591207285714,-0.004916889157913528,0.017784246490574068,-0.016382893245514226,-0.031220474088066667
720467583,0.0005230411695312736,-0.0006194770050050361,0.0012007025560239757,-0.005035782907652748,0.006316354544503989,-0.0018940818372559316,-0.00115391640382372,0.05906004186793782,-0.0014498080892287825,-0.0027158985387592737,-0.020797283440662076,-0.046910177480009634,-0.01641914476509955,-0.004631513103263479,-0.029791367707015213,-0.008318877068838484
779662308,0.002528181621316078,-0.0006093469761306147,1.554490834011243e-05,-0.0034658828387089803,-0.013137821214984689,0.0006962168426728164,0.012997201672931159,-0.019857701324302715,-0.0036134474117738556,-0.00291194650298936,-0.022094890247537483,-0.07728115271653564,-0.006474194542911904,-0.009994737062101796,-0.01478378080709411,0.0005727906134163698
721113333,0.00112502624357384,-0.002065788856460138,-0.0003671512420756228,0.040804667911648974,-0.0006881542324656449,-0.0017350680170476094,0.0014264017457259668,0.06566945228944591,-0.0041615484802877386,-0.004107071350282445,-0.09536674405798713,-0.15315072800516982,-0.041257850824195974,0.019767866915859213,-0.027218265426527215,0.053909989399847764
808796208,0.001144031042673908,-0.0013566203452606222,0.012414270304896065,-0.02930224500798589,0.009720259427093345,-0.0065079074414766385,0.0006543927391595225,0.07372682296012004,0.003858995983727401,-0.007615786983925289,-0.04825199351016608,0.0813488420332422,-0.023853342555870766,-0.014736949560607069,-0.01967233885563542,-0.024318729549712283
