feature,mean_absolute_shap
Total_Trans_Ct,0.092093955892886
Total_Revolving_Bal,0.06222723518537429
Total_Trans_Amt,0.0565890372628348
Total_Ct_Chng_Q4_Q1,0.035350417231341344
Average_Ticket,0.03411620899734074
Total_Relationship_Count,0.02337070001378653
Contact_Ratio,0.018729020465700044
Avg_Utilization_Ratio,0.017035909691157224
Total_Amt_Chng_Q4_Q1,0.011140832710308664
Months_Inactive_12_mon,0.009802723920229177
Credit_Limit,0.005313558469782392
Customer_Age,0.005018078783226403
Contacts_Count_12_mon,0.00398499042283573
Avg_Open_To_Buy,0.003966044412694135
Months_on_book,0.0023606076973598615
Dependent_count,0.0021072646412148392
