threshold,false_negatives,false_positives,flagged,cost
1.0000000000000002,325,0,0,1625
1.0,314,0,11,1570
0.9994171513795674,312,0,13,1560
0.9989280228220321,310,0,15,1550
0.9981728975152866,309,0,16,1545
0.9981530318067962,307,0,18,1535
0.9978560456440642,305,0,20,1525
0.9975666251556663,303,0,22,1515
0.9966808252240518,302,0,23,1510
0.9962012198456637,301,0,24,1505
0.9960090774508603,300,0,25,1500
0.9954149110993018,299,0,26,1495
0.99513680834203,298,0,27,1490
0.9943806319816273,297,0,28,1485
0.9933333333333333,295,0,30,1475
0.9927504847129008,294,0,31,1470
0.9925782080265878,293,0,32,1465
0.9920909523121422,292,0,33,1460
0.9914324613981341,291,0,34,1455
0.9904143879621616,288,0,37,1440
0.990345426983337,287,0,38,1435
0.9893605913050763,286,0,39,1430
0.9884701416753633,285,0,40,1425
0.988462576001029,284,0,41,1420
0.9879734474434937,283,0,42,1415
0.9879591033542079,282,0,43,1410
0.9867460867602046,281,0,44,1405
0.9864481934238347,280,0,45,1400
0.9859653262690086,279,0,46,1395
0.9858832779966451,278,0,47,1390
0.9848196984734628,277,0,48,1385
0.9842368498530304,275,0,50,1375
0.9842179664475702,274,0,51,1370
0.9840754316907496,273,0,52,1365
0.9833474918907182,272,0,53,1360
0.9829727302802591,271,0,54,1355
0.9817305063862354,270,0,55,1350
0.9808486416328136,269,0,56,1345
0.9807239321563944,268,0,57,1340
0.98,267,0,58,1335
0.9799962707572628,266,0,59,1330
0.9789318931105898,265,0,60,1325
0.978834302759135,264,0,61,1320
0.9786426651394287,263,0,62,1315
0.9783318892549259,262,0,63,1310
0.977944944796823,261,0,64,1305
0.9777662221876746,260,0,65,1300
0.9777155394508584,259,0,66,1295
0.9774321887632705,258,0,67,1290
0.9773269819327189,257,0,68,1285
0.9747401450569053,256,0,69,1280
0.9740113113398711,255,0,70,1275
0.9735540511121648,254,0,71,1270
0.9729370784489758,253,0,72,1265
0.9727504847129008,252,0,73,1260
0.97234152139362,251,0,74,1255
0.971069202012564,250,0,75,1250
0.9705441537669973,249,0,76,1245
0.9703633291033202,248,0,77,1240
0.9681107789226636,247,0,78,1235
0.9643257053022734,246,0,79,1230
0.9640678660164154,245,0,80,1225
0.963507196055419,244,0,81,1220
0.9619991754341974,243,0,82,1215
0.9616380492027791,242,0,83,1210
0.9564949130625945,241,0,84,1205
0.9556164074001049,240,0,85,1200
0.9554460945389182,239,0,86,1195
0.9549634806020598,238,0,87,1190
0.9546232567235214,237,0,88,1185
0.9541819749661469,236,0,89,1180
0.9532216924365031,235,0,90,1175
0.9525575103376459,234,0,91,1170
0.9523151410644527,233,0,92,1165
0.9517211687389886,232,0,93,1160
0.9491310308284193,231,0,94,1155
0.9478626145252567,230,0,95,1150
0.9470405962966745,229,0,96,1145
0.9465088065350833,228,0,97,1140
0.9455466350810027,227,0,98,1135
0.944671361521027,226,0,99,1130
0.9440166899710613,225,0,100,1125
0.9438931786492333,224,0,101,1120
0.9437032117807462,223,0,102,1115
0.9422850378918978,222,0,103,1110
0.9390512042380108,221,0,104,1105
0.9384416471176471,220,0,105,1100
0.9379715042585414,219,0,106,1095
0.9374908877671508,218,0,107,1090
0.9365594699453978,217,0,108,1085
0.9356032815355593,216,0,109,1080
0.9351969145410864,215,0,110,1075
0.9350759602605334,214,0,111,1070
0.93492354544825,213,0,112,1065
0.934651237815192,212,0,113,1060
0.9337333798671837,211,0,114,1055
0.9335715009367953,210,0,115,1050
0.9329586522772725,209,0,116,1045
0.9300236817365324,208,0,117,1040
0.9295565434970153,207,0,118,1035
0.9277593712832122,206,0,119,1030
0.9260101450269964,205,0,120,1025
0.9236029423737565,204,0,121,1020
0.9233601907330509,203,0,122,1015
0.9227562456154998,202,0,123,1010
0.9215056568655128,201,0,124,1005
0.9213850660918071,200,0,125,1000
0.9200003122578602,199,0,126,995
0.9198722285508601,198,0,127,990
0.916497374027944,197,0,128,985
0.9157574972563799,196,0,129,980
0.9156808134760536,195,0,130,975
0.9122244762574641,194,0,131,970
0.911020487688322,193,0,132,965
0.9108964943311586,192,0,133,960
0.9093076596031451,191,0,134,955
0.9092986161149625,190,0,135,950
0.9091845506526102,189,0,136,945
0.906867244554846,188,0,137,940
0.9050081116255291,187,0,138,935
0.9007024710516301,186,0,139,930
0.9000378402939175,185,0,140,925
0.8984598867879705,184,0,141,920
0.8947378241432175,183,0,142,915
0.8941414383716191,182,0,143,910
0.8897844881265242,181,0,144,905
0.8892016395060921,180,0,145,900
0.8878798337838159,179,0,146,895
0.8858945307975507,178,0,147,890
0.885610168900857,177,0,148,885
0.8854164642658213,176,0,149,880
0.8841754626374945,175,0,150,875
0.8819274484773204,174,0,151,870
0.8812252760863624,173,0,152,865
0.8801154586144772,172,0,153,860
0.8793586481201239,171,0,154,855
0.8785287249155226,170,0,155,850
0.8781576837035213,170,1,156,851
0.8780714800861719,169,1,157,846
0.8769626560362572,168,1,158,841
0.8760378728182914,167,1,159,836
0.875495378884682,166,1,160,831
0.8749371002728924,166,2,161,832
0.8744606405599136,165,2,162,827
0.8726481112898982,164,2,163,822
0.872002078594667,163,2,164,817
0.8662140492384198,163,3,165,818
0.8652057645836498,162,3,166,813
0.865155626215997,161,3,167,808
0.8640544903243239,160,3,168,803
0.8622867119007791,159,3,169,798
0.8609877676639621,158,3,170,793
0.8590327099299924,157,3,171,788
0.8541673458563411,156,3,172,783
0.8518329941453319,155,3,173,778
0.8500610013832047,154,3,174,773
0.8499733782853737,153,3,175,768
0.8498933067392674,152,3,176,763
0.8496904135535003,151,3,177,758
0.8486548592498735,150,3,178,753
0.8483836879964395,149,3,179,748
0.8470012803832716,149,4,180,749
0.8454060469157061,148,4,181,744
0.8436845542530808,147,4,182,739
0.8425313992211101,146,4,183,734
0.8421858183029557,145,4,184,729
0.8406243972676258,144,4,185,724
0.8392383543188574,143,4,186,719
0.8388326968669656,142,4,187,714
0.8381058093795518,141,4,188,709
0.8361025988037665,140,4,189,704
0.8283997446809235,139,4,190,699
0.8263854937516161,138,4,191,694
0.8261897907316696,137,4,192,689
0.8250533685555675,136,4,193,684
0.8236039246767866,135,4,194,679
0.8215299125851523,134,4,195,674
0.8187149790014576,133,4,196,669
0.8154392974100165,132,4,197,664
0.813753193674809,131,4,198,659
0.8128337390640243,130,4,199,654
0.8121961083379309,129,4,200,649
0.8116713868771934,128,4,201,644
0.8110973589582003,127,4,202,639
0.8088987687493083,127,5,203,640
0.8083035886903014,126,5,204,635
0.8026550781100344,125,5,205,630
0.8002348035988589,124,5,206,625
0.798950649304184,123,5,207,620
0.7975764939741083,122,5,208,615
0.797510542909608,122,6,209,616
0.7932573170867492,121,6,210,611
0.7915622516634199,121,7,211,612
0.7914660305138105,120,7,212,607
0.7910409895278646,119,7,213,602
0.7870664569032502,118,7,214,597
0.7865344874066884,117,7,215,592
0.7850543280851283,116,7,216,587
0.7825811920741782,115,7,217,582
0.7775108245344429,114,7,218,577
0.773443519919533,113,7,219,572
0.771203828726914,112,7,220,567
0.77031480226863,111,7,221,562
0.7670541592733722,110,7,222,557
0.7662484924260986,109,7,223,552
0.7639749771410486,108,7,224,547
0.7594131071038165,108,8,225,548
0.7577084640993108,107,8,226,543
0.7494341839582453,106,8,227,538
0.745447372677883,105,8,228,533
0.7443403527820242,105,9,229,534
0.7423651598746677,104,9,230,529
0.741507689866427,103,9,231,524
0.7396708885875074,102,9,232,519
0.7379627668163876,101,9,233,514
0.7374303057291617,100,9,234,509
0.7352740860624857,100,10,235,510
0.7336484444040711,99,10,236,505
0.7336393563340559,99,11,237,506
0.7265464897018331,98,11,238,501
0.7186400406760964,97,11,239,496
0.7171484438436966,96,11,240,491
0.7068136519160595,95,11,241,486
0.6980528465082577,95,12,242,487
0.6955870646031843,94,12,243,482
0.6890362137001744,93,12,244,477
0.6849269165603217,93,13,245,478
0.683267377442806,92,13,246,473
0.6765324882716157,92,14,247,474
0.676296625542993,92,15,248,475
0.6760626795803091,92,16,249,476
0.6654367722320393,91,16,250,471
0.6653051636293154,90,16,251,466
0.662270784668241,89,16,252,461
0.6612928300823183,88,16,253,456
0.6603873233387012,87,16,254,451
0.6591200463839274,86,16,255,446
0.6589383481862261,85,16,256,441
0.6588092184427026,84,16,257,436
0.6583420424606986,84,17,258,437
0.6576155972435697,84,18,259,438
0.6568405794254292,84,19,260,439
0.6561427165862199,84,20,261,440
0.6518697796707752,83,20,262,435
0.6485504393404039,82,20,263,430
0.6433475297293082,81,20,264,425
0.6418273786739288,80,20,265,420
0.641579088409885,80,21,266,421
0.6392921347906455,79,21,267,416
0.63304986370458,78,21,268,411
0.6277650967358078,78,22,269,412
0.6231925207622153,77,22,270,407
0.6223572395967916,77,23,271,408
0.6214243245074593,76,23,272,403
0.6174413755865964,76,24,273,404
0.6139129071706145,76,25,274,405
0.6135612853545513,76,26,275,406
0.6069157868090973,76,27,276,407
0.5987712803668442,75,27,277,402
0.594693430101419,74,27,278,397
0.5912195344865853,73,27,279,392
0.5895022723428742,72,27,280,387
0.5820106434879019,71,27,281,382
0.5785405343611507,70,27,282,377
0.57789279825221,69,27,283,372
0.5776486700544474,69,28,284,373
0.5761360762600906,68,28,285,368
0.5707428816261418,68,29,286,369
0.5700805557584886,67,29,287,364
0.5604995089254687,66,29,288,359
0.5604716595588173,65,29,289,354
0.5545408470112311,64,29,290,349
0.5510389105329546,63,29,291,344
0.5488972089427577,62,29,292,339
0.5486308084115908,61,29,293,334
0.5429536329469504,60,29,294,329
0.5426293844379226,59,29,295,324
0.5416525438135645,58,29,296,319
0.5407387297565992,57,29,297,314
0.5390603828845782,57,30,298,315
0.5385815826107495,56,30,299,310
0.5374613696133881,55,30,300,305
0.534023361145223,55,31,301,306
0.5331922198124434,55,32,302,307
0.5180689146845237,55,33,303,308
0.5134366082870211,55,34,304,309
0.5094621893001676,54,34,305,304
0.5055099342244254,54,35,306,305
0.49992377323681825,53,35,307,300
0.49916906073196987,52,35,308,295
0.49858315700447053,52,36,309,296
0.49508605542073564,52,37,310,297
0.4868574075885625,51,37,311,292
0.48634416999380886,50,37,312,287
0.48397382570326547,49,37,313,282
0.4822500042026246,49,38,314,283
0.48135325441062143,48,38,315,278
0.4798483172316464,47,38,316,273
0.4781076496017489,47,39,317,274
0.4771878271899667,47,40,318,275
0.47604335971408024,47,41,319,276
0.47558617250707563,47,42,320,277
0.47122967459796483,46,42,321,272
0.4710872612597145,46,43,322,273
0.470060064005002,45,43,323,268
0.46710649061653065,44,43,324,263
0.4658790086612569,43,43,325,258
0.4633708055795992,43,44,326,259
0.45428281757993905,42,44,327,254
0.4541380569603518,41,44,328,249
0.4537175546879208,40,44,329,244
0.4499060516893938,40,45,330,245
0.448999683070807,40,46,331,246
0.4453857704982738,39,46,332,241
0.44040354611378213,39,47,333,242
0.4375497297271367,38,47,334,237
0.4343289389888351,38,48,335,238
0.42225788213481896,38,49,336,239
0.4182875966147559,38,50,337,240
0.41783435139053327,37,50,338,235
0.4165040211715104,36,50,339,230
0.4117188260054046,35,50,340,225
0.4112899604639938,35,51,341,226
0.4083069920180263,35,52,342,227
0.407565368491668,34,52,343,222
0.40583432897829863,33,52,344,217
0.4043645606314539,32,52,345,212
0.4011566308613764,32,53,346,213
0.40110751672319783,32,54,347,214
0.3993182093250697,31,54,348,209
0.398823142421989,31,55,349,210
0.3931660186029789,30,55,350,205
0.3916980907351985,30,56,351,206
0.39114835613781596,29,56,352,201
0.3900717213862681,28,56,353,196
0.38533263955300945,27,56,354,191
0.3845437843552713,27,57,355,192
0.38010007802360574,26,57,356,187
0.3729257739393137,25,57,357,182
0.371935647187208,25,58,358,183
0.370961552579654,24,58,359,178
0.3700889533171712,24,59,360,179
0.36693849729294165,24,60,361,180
0.3645634080175803,24,61,362,181
0.3640203411864129,24,62,363,182
0.36273261813948293,23,62,364,177
0.35286586043429585,22,62,365,172
0.3480837027803203,22,63,366,173
0.34707998126291745,21,63,367,168
0.33720749167390646,21,64,368,169
0.3347887633204563,21,65,369,170
0.33399101696133876,21,66,370,171
0.3331161389997183,21,67,371,172
0.32370678449949036,21,68,372,173
0.32365693312219584,21,69,373,174
0.32288209923412753,21,70,374,175
0.3208257593734599,21,71,375,176
0.3193692629666721,21,72,376,177
0.3180252891676284,21,73,377,178
0.3126690047232764,21,74,378,179
0.3051328387655359,21,75,379,180
0.3010029734833349,21,76,380,181
0.30076851552377054,21,77,381,182
0.29724685453305405,21,78,382,183
0.2921175500681196,21,79,383,184
0.29100789136979716,21,80,384,185
0.2849775203265366,21,81,385,186
0.28311221727196595,21,82,386,187
0.28305783016566066,21,83,387,188
0.2785799778004585,21,84,388,189
0.2768816588175507,21,85,389,190
0.27445428259920474,20,85,390,185
0.271012628580095,20,86,391,186
0.2671928035376678,20,87,392,187
0.262710291465643,19,87,393,182
0.2627004111715963,19,88,394,183
0.26042561967920225,19,89,395,184
0.25999916801954825,18,89,396,179
0.2535432643764238,17,89,397,174
0.25353228997641764,17,90,398,175
0.25083169194376836,17,91,399,176
0.24906445834950014,17,92,400,177
0.24700251665535788,17,93,401,178
0.24504011526722755,16,93,402,173
0.24070464786839296,16,94,403,174
0.2404675530920107,15,94,404,169
0.24023496316685045,15,95,405,170
0.2400792596029915,15,96,406,171
0.23904804333701346,15,97,407,172
0.23877515647713182,15,98,408,173
0.2387440839222155,15,99,409,174
0.23744542029569382,15,100,410,175
0.23494613350987759,15,101,411,176
0.23303907322084694,15,102,412,177
0.22979410517852808,15,103,413,178
0.22710331749260482,15,104,414,179
0.22603861086414673,15,105,415,180
0.2257492895707934,15,106,416,181
0.2255232960035382,15,107,417,182
0.22502962951655328,15,108,418,183
0.22439097796672258,15,109,419,184
0.22385186099104223,14,109,420,179
0.22304158632437293,14,110,421,180
0.2219035465691853,14,111,422,181
0.2197710115642556,14,112,423,182
0.21785706609915442,14,113,424,183
0.2178378490418342,14,114,425,184
0.21639608829071258,14,115,426,185
0.2158149326005555,13,115,427,180
0.21380670578782598,13,116,428,181
0.21362480141768767,13,117,429,182
0.2110766811365818,13,118,430,183
0.20957239347291431,13,119,431,184
0.20954904888148276,13,120,432,185
0.2086017020321777,13,121,433,186
0.2058832779966448,13,122,434,187
0.20557818988733453,13,123,435,188
0.20365509289999875,13,124,436,189
0.20183888279627793,13,125,437,190
0.20108807256374703,13,126,438,191
0.1999943471094101,12,126,439,186
0.19983609795215937,12,127,440,187
0.19755668716866018,12,128,441,188
0.19525125584350447,12,129,442,189
0.1951284106872439,12,130,443,190
0.19340218876097287,12,131,444,191
0.19274208705811482,12,132,445,192
0.18950035147017544,12,133,446,193
0.18934241078419356,12,134,447,194
0.1892706810393148,12,135,448,195
0.18513564152465203,12,136,449,196
0.1826935932572358,12,137,450,197
0.18170849187457958,12,138,451,198
0.18069265434431966,12,139,452,199
0.17952421233925855,12,140,453,200
0.17667432721526016,12,141,454,201
0.17607757080247805,12,142,455,202
0.17581119915328125,12,143,456,203
0.1755880124961557,12,144,457,204
0.17556200996456428,12,145,458,205
0.17318170343509606,12,146,459,206
0.17258682238570194,12,147,460,207
0.17161132906716878,12,148,461,208
0.1709190680744676,12,149,462,209
0.17038887745203568,12,150,463,210
0.17017118670851664,12,151,464,211
0.1686181672343805,12,152,465,212
0.1658860308497953,12,153,466,213
0.16581488295476454,12,154,467,214
0.1637736153796085,12,155,468,215
0.16288579115289098,12,156,469,216
0.162384236858191,12,157,470,217
0.16013779059016056,12,158,471,218
0.1600083912982277,12,159,472,219
0.15996696897217258,12,160,473,220
0.1581232513700747,12,161,474,221
0.15794581461586457,12,162,475,222
0.1559731563832464,11,162,476,217
0.1554413814904052,11,163,477,218
0.15517574030334824,11,164,478,219
0.15344632254254761,11,165,479,220
0.15292060824652598,11,166,480,221
0.1522965699168524,11,167,481,222
0.15229046253477846,11,168,482,223
0.15101583931554036,11,169,483,224
0.1504617514352263,11,170,484,225
0.15021193776143096,10,170,485,220
0.14749681228841446,10,171,486,221
0.14723629672217503,10,172,487,222
0.1464245330785645,10,173,488,223
0.14465356978296753,10,174,489,224
0.14432762993783327,10,175,490,225
0.14115844382439088,10,176,491,226
0.14080409739464894,10,177,492,227
0.14042485113376976,9,177,493,222
0.13969175745420892,9,178,494,223
0.13954871173638195,9,179,495,224
0.13812479524642468,9,180,496,225
0.1373530911905588,9,181,497,226
0.13671589675191476,9,182,498,227
0.13574993158204554,9,183,499,228
0.13573763374651587,9,184,500,229
0.1350602816888712,9,185,501,230
0.13378582767571126,9,186,502,231
0.13312708654555716,9,187,503,232
0.13309013207968842,9,188,504,233
0.1324024396913272,9,189,505,234
0.13177026183381152,9,190,506,235
0.13127827813015633,9,191,507,236
0.13085513367442445,9,192,508,237
0.13053053742029802,9,193,509,238
0.12947938511418394,9,194,510,239
0.12896391993099704,9,195,511,240
0.12893378372463105,9,196,512,241
0.12830388388899386,9,197,513,242
0.1262153784030486,9,198,514,243
0.1249993777110247,9,199,515,244
0.1247686396146213,9,200,516,245
0.12456741539440472,9,201,517,246
0.12429564752283902,9,202,518,247
0.12413242257482314,9,203,519,248
0.12345156075665621,8,203,520,243
0.12287074165845001,8,204,521,244
0.11983457419408237,8,205,522,245
0.11804390953401947,8,206,523,246
0.11747853457359927,8,207,524,247
0.11712913279972857,8,208,525,248
0.11669034840319904,7,208,526,243
0.1157721870810633,7,209,527,244
0.11531186188335163,6,209,528,239
0.11508087600213933,6,210,529,240
0.11507818380885411,6,211,530,241
0.11435425165245976,6,212,531,242
0.11420591470002378,6,213,532,243
0.11403848089619298,6,214,533,244
0.11377997144813329,6,215,534,245
0.11342516447179349,6,216,535,246
0.11281081896608086,6,217,536,247
0.11273970318015056,6,218,537,248
0.11064919156102043,6,219,538,249
0.10933916501135627,6,220,539,250
0.10929135192535204,6,221,540,251
0.10926006097552753,6,222,541,252
0.1075314883329285,6,223,542,253
0.10505450207232173,6,224,543,254
0.10443386971051215,6,225,544,255
0.10376288693759411,6,226,545,256
0.10374772129549487,5,226,546,251
0.1029444937198875,5,227,547,252
0.10291794217868026,5,228,548,253
0.1027975136158519,5,229,549,254
0.10279269270571376,5,230,550,255
0.10237875795479483,5,231,551,256
0.10232769909595328,5,232,552,257
0.10174129244482338,5,233,553,258
0.10165768094452021,5,234,554,259
0.10132941168825502,5,235,555,260
0.10126328759231959,5,236,556,261
0.10113173661508149,5,237,557,262
0.10053178976159098,4,237,558,257
0.10013156035681445,4,238,559,258
0.09788745878516365,4,239,560,259
0.09753116865635846,4,240,561,260
0.09722544049016764,4,241,562,261
0.09644358911885677,4,242,563,262
0.09576126652437639,4,243,564,263
0.09511337034128349,4,244,565,264
0.09454639404726313,4,245,566,265
0.09435425165245977,4,246,567,266
0.0941983490256895,4,247,568,267
0.09400424912607303,4,248,569,268
0.09357926063722388,4,249,570,269
0.09344795996735866,4,250,571,270
0.09269942585405928,4,251,572,271
0.09221029729652384,4,252,573,272
0.09132093933421186,4,253,574,273
0.09113476208785848,4,254,575,274
0.09071054214444188,4,255,576,275
0.09051717176205708,4,256,577,276
0.09025848533539128,4,257,578,277
0.09024398411893816,3,257,579,272
0.09017118670851663,3,258,580,273
0.08947217658902941,3,259,581,274
0.08937669304741355,3,260,582,275
0.08935958019207371,3,261,583,276
0.08851636091011615,3,262,584,277
0.08847131929510961,3,263,585,278
0.08763652612695157,3,264,586,279
0.08702348344133443,3,265,587,280
0.08664198813699257,3,266,588,281
0.08631862164509305,3,267,589,282
0.08506189653461618,3,268,590,283
0.0849776391594447,3,269,591,284
0.08472356438107172,3,270,592,285
0.08450363950381384,3,271,593,286
0.08398991935664822,3,273,595,288
0.08398252489435376,3,274,596,289
0.08370860035630666,3,275,597,290
0.08319559690758495,3,276,598,291
0.08184779381709728,3,277,599,292
0.08152991258515226,3,278,600,293
0.08130678077682686,3,279,601,294
0.08099623978945233,3,280,602,295
0.08078888801215973,3,281,603,296
0.08053178976159098,3,282,604,297
0.0804579354071843,3,283,605,298
0.08020435776723597,3,284,606,299
0.07966307868345804,3,285,607,300
0.07953704803480287,3,286,608,301
0.07814491795085675,3,287,609,302
0.07790610131041407,3,288,610,303
0.07781079924380402,3,289,611,304
0.07763922471958662,3,290,612,305
0.07640092791480121,3,291,613,306
0.07629011899842252,3,292,614,307
0.07628138508391823,3,293,615,308
0.07622865122848824,3,294,616,309
0.0762012198456636,3,295,617,310
0.07601594024061684,3,296,618,311
0.07591535738796316,3,297,619,312
0.07512924266769563,3,298,620,313
0.07489360708838501,3,299,621,314
0.07453687086811575,3,300,622,315
0.07443959277452128,3,301,623,316
0.07400696203856881,3,302,624,317
0.07393690939234339,3,303,625,318
0.07317179633814447,3,304,626,319
0.07257820802658783,3,305,627,320
0.07257296480828267,2,305,628,315
0.07186112675058884,2,306,629,316
0.07041438796216153,2,307,630,317
0.06994699795620608,2,308,631,318
0.06983153934172902,2,309,632,319
0.06967639212264144,2,310,633,320
0.06943130993695248,2,311,634,321
0.06937669304741356,2,312,635,322
0.06934241078419356,2,313,636,323
0.06798548368337543,2,314,637,324
0.06785565381311552,2,315,638,325
0.06763296809625417,2,316,639,326
0.06693541626902726,2,317,640,327
0.06685797708101829,2,318,641,328
0.06678212528114373,2,319,642,329
0.06632618731942731,2,320,643,330
0.06591839224031652,2,321,644,331
0.06551914994668423,2,322,645,332
0.06525421014145935,2,323,646,333
0.06505450207232172,2,324,647,334
0.06493414597493744,2,325,648,335
0.06399009056868803,2,326,649,336
0.06358986116391148,2,327,650,337
0.063535509455372,2,328,651,338
0.06280392024564496,2,329,652,339
0.06276108523958843,2,330,653,340
0.06270212444669433,2,331,654,341
0.06244709432692708,2,332,655,342
0.06209289549709439,2,333,656,343
0.06189889687108696,2,334,657,344
0.06187607457261693,2,335,658,345
0.06160376693955894,2,336,659,346
0.06121306071392979,2,337,660,347
0.059517182326312486,2,338,661,348
0.059170392095225184,2,339,662,349
0.05909743538212512,2,340,663,350
0.05864132838387988,2,341,664,351
0.058121838656445005,2,342,665,352
0.057639224719586615,2,343,666,353
0.05678406846609611,2,344,667,354
0.056525678004964074,2,345,668,355
0.056458651716898206,2,346,669,356
0.05643762397040677,2,347,670,357
0.0562012198456636,2,348,671,358
0.05615091639450474,2,349,672,359
0.056009077450860235,2,350,673,360
0.05584849031041981,2,351,674,361
0.05531425167387899,2,352,675,362
0.054937100272892274,2,353,676,363
0.05462953398702764,2,354,677,364
0.0545878108940492,2,355,678,365
0.05356037723176363,2,356,679,366
0.05282709192045804,2,357,680,367
0.05269942585405928,2,358,681,368
0.05264833313825733,2,359,682,369
0.05250728345925592,2,360,683,370
0.052206739265826446,2,361,684,371
0.05213719834979982,2,362,685,372
0.052070624313725854,2,363,686,373
0.05203802061021085,2,364,687,374
0.05201815490172048,2,365,688,375
0.05182359871453155,2,366,689,376
0.05127827813015632,2,367,690,377
0.05121111752897741,2,368,691,378
0.05067893589479092,2,369,692,379
0.05056303717245762,2,370,693,380
0.049827981311031624,2,371,694,381
0.04978804615722175,2,372,695,382
0.049368791113361,2,373,696,383
0.049125589859716115,2,374,697,384
0.04904542462146149,2,375,698,385
0.04902831176612165,2,376,699,386
0.04899947047160469,2,377,700,387
0.04888601421058579,2,378,701,388
0.04885222528267296,2,379,702,389
0.04856741976895769,2,380,703,390
0.04740172252809267,2,381,704,391
0.04720772390208524,2,382,705,392
0.04710473636536058,2,383,706,393
0.04693541626902726,2,384,707,394
0.04691259397055722,2,385,708,395
0.04632398613713031,2,386,709,396
0.04564280836944614,2,387,710,397
0.045258866467460496,2,388,711,398
0.04519446008392217,1,388,712,393
0.044795019943788726,1,389,713,394
0.04393986369029823,1,391,715,396
0.043523532543184314,1,392,716,397
0.04346295050519539,1,393,717,398
0.043450735132762784,1,395,719,400
0.043161314644364956,1,396,720,401
0.041962426807680905,1,397,721,402
0.04131434645116112,1,398,722,403
0.04130678077682686,1,399,723,404
0.04102091831912643,1,400,724,405
0.04082877592432307,1,401,725,406
0.04082877592432306,1,402,726,407
0.03985522107826141,0,402,727,402
0.03959977059522347,0,403,728,403
0.039417151379567486,0,404,729,404
0.03919677242439263,0,405,730,405
0.03883430275913497,0,406,731,406
0.038684821568387144,0,407,732,407
0.03848074220205084,0,408,733,408
0.038395401079989316,0,409,734,409
0.038290557312060595,0,410,735,410
0.03815303180679616,0,411,736,411
0.03775280240201963,0,412,737,412
0.03753598147754217,0,413,738,413
0.037448056538858944,0,414,739,414
0.03727319702363156,0,415,740,415
0.03716995378158711,0,416,741,416
0.036983776535233735,0,417,742,417
0.036479322602935425,0,418,743,418
0.03630606361359232,0,419,744,419
0.03576303131406161,0,420,745,420
0.035550938306846816,0,421,746,421
0.035426228830427724,0,423,748,423
0.03515070890207028,0,424,749,424
0.034546394047263125,0,425,750,425
0.034350693621762365,0,427,752,427
0.03395046421698583,0,428,753,428
0.0332822744744918,0,429,754,429
0.033090132079688445,0,431,756,431
0.032523591137048904,0,432,757,432
0.03226135615536537,0,433,758,433
0.03186112675058884,0,435,760,435
0.03167850753493286,0,438,763,438
0.03118937897739741,0,439,764,439
0.03095374339808678,0,440,765,440
0.03094333284059878,0,441,766,441
0.03090351651969698,0,442,767,442
0.030884633114236722,0,443,768,443
0.030731239833383994,0,444,769,444
0.03010964209900085,0,445,770,445
0.03002368173653238,0,446,771,446
0.030014158557385002,0,447,772,447
0.029831539341729024,0,448,773,448
0.029831539341729017,0,449,774,449
0.029827981311031624,0,450,775,450
0.029534553178996933,0,452,777,452
0.02952323544787094,0,453,778,453
0.02878594249292849,0,454,779,454
0.028462576001028972,0,455,780,455
0.028296813935393045,0,456,781,456
0.02827043360622561,0,457,782,457
0.028167190364181163,0,458,783,458
0.02798457114852518,0,459,784,459
0.027981013117827788,0,460,785,460
0.0276798252853645,0,461,786,461
0.026928901648350198,0,462,787,462
0.026909035939859827,0,463,788,463
0.02661204977712774,0,464,789,464
0.025683588641457616,0,465,790,465
0.025594689488698707,0,468,793,468
0.02550096942580164,0,469,794,469
0.025377868564221247,0,470,795,470
0.025011840868266192,0,471,796,471
0.024994728012926352,0,472,797,472
0.024428992247833677,0,473,798,473
0.024233291822332918,0,474,799,474
0.02393986369029823,0,477,802,477
0.023747721295494868,0,478,803,478
0.023450735132762784,0,482,807,482
0.023357015069865716,0,483,808,483
0.023250213797123866,0,484,809,484
0.023164872675062353,0,486,811,486
0.023034403985648863,0,487,812,487
0.022972730280258993,0,488,813,488
0.02270212444669434,0,489,814,489
0.02238632362912908,0,490,815,490
0.022378757954794822,0,491,816,491
0.022089337466396994,0,492,817,492
0.021927133431458464,0,493,818,493
0.021803475008696567,0,494,819,494
0.021630147268726377,0,495,820,495
0.021603766939558944,0,497,822,497
0.02150648884596448,0,498,823,498
0.021090157698850566,0,499,824,499
0.020875021961980874,0,500,825,500
0.02082877592432307,0,501,826,501
0.02072553268227862,0,502,827,502
0.02,0,504,829,504
0.019599770595223463,0,505,830,505
0.019417151379567486,0,506,831,506
0.01919677242439263,0,507,832,507
0.01892802282203204,0,510,835,510
0.01883430275913497,0,511,836,511
0.018712176111630265,0,512,837,512
0.018623276958871355,0,513,838,513
0.01851169167491812,0,514,839,514
0.018345174201599524,0,523,848,523
0.018172897515286536,0,524,849,524
0.01815303180679616,0,525,850,525
0.017928843054485607,0,526,851,526
0.017856045644064077,0,528,853,528
0.017752802402019627,0,529,854,529
0.01757018318636365,0,531,856,531
0.01756662515566625,0,532,857,532
0.017273197023631563,0,533,858,533
0.017166395750889716,0,534,859,534
0.017107434957995635,0,535,860,535
0.017100920337318574,0,537,862,537
0.0170810546288282,0,540,865,540
0.016784068466096116,0,542,867,542
0.01673503325483647,0,543,868,543
0.016494647977698288,0,544,869,544
0.016306063613592325,0,545,870,545
0.01600907745086024,0,547,872,547
0.015911799357265777,0,548,873,548
0.01573952267095279,0,549,874,549
0.01572321499315981,0,550,875,550
0.015452609159595157,0,551,876,551
0.015422670799730328,0,552,877,552
0.015234086435624364,0,554,879,554
0.01496348060205971,0,555,880,555
0.014647679784494454,0,556,881,556
0.014061273133364543,0,557,882,557
0.013333333333333334,0,573,898,573
0.013087287196534703,0,574,899,574
0.01275048471290082,0,577,902,577
0.012628358065396113,0,578,903,578
0.012350255308124284,0,579,904,579
0.012261356155365373,0,589,914,589
0.012167636092468306,0,590,915,590
0.012015310018566741,0,591,916,591
0.011861126750588837,0,593,918,593
0.011845025008251454,0,594,919,594
0.011678507534932858,0,601,926,601
0.011506230848619868,0,602,927,602
0.011486365140129497,0,607,932,607
0.011189378977397411,0,616,941,616
0.011086135735352961,0,617,942,617
0.010903516519696982,0,618,943,618
0.010773047830283492,0,620,945,620
0.010440768291328967,0,623,948,623
0.010414387962161535,0,630,955,630
0.010317109868567072,0,631,956,631
0.009827981311031624,0,632,957,632
0.00963939694692566,0,634,959,634
0.009368791113361006,0,636,961,636
0.009052990295795748,0,637,962,637
0.00859380009812513,0,638,963,638
0.008466583644665838,0,639,964,639
0.006666666666666667,0,663,988,663
0.006420620529868037,0,664,989,664
0.0063619208035059814,0,666,991,666
0.006266437261890132,0,671,996,671
0.006083818046234153,0,686,1011,686
0.005911541359921163,0,687,1012,687
0.0055946894886987055,0,745,1070,745
0.0051783583415847875,0,751,1076,751
0.00481969847346283,0,776,1101,776
0.004233291822332919,0,784,1109,784
0.0037741016246623,0,786,1111,786
0.0034047809829059823,0,790,1115,790
0.0,0,1700,2025,1700
