feature,group,customers,churners,churn_rate
Total_Trans_Ct,"(9.999, 36.0]",876,245,0.2796803652968037
Total_Trans_Ct,"(36.0, 47.0]",872,417,0.4782110091743119
Total_Trans_Ct,"(47.0, 63.0]",940,203,0.21595744680851064
Total_Trans_Ct,"(63.0, 71.0]",846,60,0.07092198581560284
Total_Trans_Ct,"(71.0, 79.0]",904,34,0.03761061946902655
Total_Trans_Ct,"(79.0, 87.0]",786,12,0.015267175572519083
Total_Trans_Ct,"(87.0, 139.0]",852,6,0.007042253521126761
Months_Inactive_12_mon,0,18,8,0.4444444444444444
Months_Inactive_12_mon,1,1339,55,0.041075429424943986
Months_Inactive_12_mon,2,1964,297,0.15122199592668026
Months_Inactive_12_mon,3,2294,498,0.21708805579773321
Months_Inactive_12_mon,4,277,91,0.3285198555956679
Months_Inactive_12_mon,5,110,20,0.18181818181818182
Months_Inactive_12_mon,6,74,8,0.10810810810810811
Total_Relationship_Count,1,528,145,0.2746212121212121
Total_Relationship_Count,2,717,209,0.2914923291492329
Total_Relationship_Count,3,1429,243,0.17004898530440868
Total_Relationship_Count,4,1102,126,0.11433756805807622
Total_Relationship_Count,5,1187,138,0.11625947767481044
Total_Relationship_Count,6,1113,116,0.10422282120395328
